season,fbrefSeason,league,sourceFile,Player,Squad,ScreenshotSource,statType,Pos,90s,Gls,Sh,SoT,PK,PKatt,MP,Starts,Min,GA,GA90,SoTA,Saves,Save%,CS,CS%,Ast,CrdY,CrdR
2025-26,2025-2026,La Liga,Screenshot 2026-05-14 124658 - Copy.png,Pau Cubarsi,Barcelona,true,shooting,pr,30,1,10,2,0,0,,,,,,,,,,,,,
2025-26,2025-2026,La Liga,Screenshot 2026-05-14 124658 - Copy.png,Eric Garcia,Barcelona,true,shooting,rMF,28.9,1,24,7,0,0,,,,,,,,,,,,,
2025-26,2025-2026,La Liga,Screenshot 2026-05-14 124658 - Copy.png,Joan Garcia,Barcelona,true,shooting,ck,29,0,0,0,0,,,,,,,,,,,,,,
2025-26,2025-2026,La Liga,Screenshot 2026-05-14 124658 - Copy.png,Lamine Yamal,Barcelona,true,shooting,MrFW,25.1,16,117,37,3,4,,,,,,,,,,,,,
2025-26,2025-2026,La Liga,Screenshot 2026-05-14 124658 - Copy.png,Gerard Martin,Barcelona,true,shooting,pr,0,6,3,50,,0,,,,,,,,,,,,,
2025-26,2025-2026,La Liga,Screenshot 2026-05-14 124658 - Copy.png,ules KoundÃ©,Barcelona,true,shooting,pr,24.1,1,13,3,0,0,,,,,,,,,,,,,
2025-26,2025-2026,La Liga,Screenshot 2026-05-14 124658 - Copy.png,Dani Olmo,Barcelona,true,shooting,mF,22.1,7,69,21,0,0,,,,,,,,,,,,,
2025-26,2025-2026,La Liga,Screenshot 2026-05-14 124658 - Copy.png,Pedi,Barcelona,true,shooting,MF,22.4,2,21,10,0,0,,,,,,,,,,,,,
2025-26,2025-2026,La Liga,Screenshot 2026-05-14 124658 - Copy.png,FerrÃ©n Torres,Barcelona,true,shooting,Fw,20.9,16,67,36,0,0,,,,,,,,,,,,,
2025-26,2025-2026,La Liga,Screenshot 2026-05-14 124658 - Copy.png,JAlgjandroBalde,Barcelona,true,shooting,OF,19.3,0,8,1,0,0,,,,,,,,,,,,,
2025-26,2025-2026,La Liga,Screenshot 2026-05-14 124658 - Copy.png,Fermin Lopez,Barcelona,true,shooting,mr,19.5,6,65,23,0,0,,,,,,,,,,,,,
2025-26,2025-2026,La Liga,Screenshot 2026-05-14 124658 - Copy.png,Marcus Rashford,Barcelona,true,shooting,MFFW,18.6,8,76,29,0,,,,,,,,,,,,,,
2025-26,2025-2026,La Liga,Screenshot 2026-05-14 124658 - Copy.png,Raphinha,Barcelona,true,shooting,MrFW,14.6,11,60,20,3,3,,,,,,,,,,,,,
2025-26,2025-2026,La Liga,Screenshot 2026-05-14 124658 - Copy.png,FrenkiedeJong,Barcelona,true,shooting,MF,17.9,1,7,2,0,0,,,,,,,,,,,,,
2025-26,2025-2026,La Liga,Screenshot 2026-05-14 124658 - Copy.png,Robert Lewandowski,Barcelona,true,shooting,FW,16.6,13,60,28,1,3,,,,,,,,,,,,,
2025-26,2025-2026,La Liga,Screenshot 2026-05-14 124658 - Copy.png,Ronald Aratijo SB,Barcelona,true,shooting,DF,11.1,3,11,5,0,0,,,,,,,,,,,,,
2025-26,2025-2026,La Liga,Screenshot 2026-05-14 124658 - Copy.png,Marc Casado,Barcelona,true,shooting,mF,10.8,0,11,0,0,,,,,,,,,,,,,,
2025-26,2025-2026,La Liga,Screenshot 2026-05-14 124658 - Copy.png,oo Cancelo,Barcelona,true,shooting,pr,9.5,1,11,3,0,0,,,,,,,,,,,,,
2025-26,2025-2026,La Liga,Screenshot 2026-05-14 124658 - Copy.png,Wojciech Szczesny,Barcelona,true,shooting,GK,7,0,0,0,0,,,,,,,,,,,,,,
2025-26,2025-2026,La Liga,Screenshot 2026-05-14 124658 - Copy.png,JRoony Bardahii,Barcelona,true,shooting,MFFW,6.9,1,21,12,0,0,,,,,,,,,,,,,
2025-26,2025-2026,La Liga,Screenshot 2026-05-14 124658 - Copy.png,Andreas Christensen,Barcelona,true,shooting,DF,4.2,0,2,0,0,,,,,,,,,,,,,,
2025-26,2025-2026,La Liga,Screenshot 2026-05-14 124658 - Copy.png,Xavi Espart,Barcelona,true,shooting,pr,0,0,0,,0,,,,,,,,,,,,,,
2025-26,2025-2026,La Liga,Screenshot 2026-05-14 124658 - Copy.png,DrofemÃ©ndez,Barcelona,true,shooting,MF,0,0,0,,0,,,,,,,,,,,,,,
2025-26,2025-2026,La Liga,Screenshot 2026-05-14 124658 - Copy.png,Alvaro Cortes,Barcelona,true,shooting,pr,1,0,0,0,0,,,,,,,,,,,,,,
2025-26,2025-2026,La Liga,Screenshot 2026-05-14 124658 - Copy.png,fTonifernÃ©ndee,Barcelona,true,shooting,FW,0.5,0,0,0,0,,,,,,,,,,,,,,
2025-26,2025-2026,La Liga,Screenshot 2026-05-14 124658 - Copy.png,Jofre Torrents,Barcelona,true,shooting,pr,0,0,0,,0,,,,,,,,,,,,,,
2025-26,2025-2026,La Liga,Screenshot 2026-05-14 124658 - Copy.png,Tomas Marques,Barcelona,true,shooting,MF,0.1,0,0,0,,0,,,,,,,,,,,,,
2025-26,2025-2026,La Liga,Screenshot 2026-05-14 124658.png,Pau Cubarsi,Barcelona,true,shooting,pr,30,1,10,2,0,0,,,,,,,,,,,,,
2025-26,2025-2026,La Liga,Screenshot 2026-05-14 124658.png,Eric Garcia,Barcelona,true,shooting,rMF,28.9,1,24,7,0,0,,,,,,,,,,,,,
2025-26,2025-2026,La Liga,Screenshot 2026-05-14 124658.png,Joan Garcia,Barcelona,true,shooting,ck,29,0,0,0,0,,,,,,,,,,,,,,
2025-26,2025-2026,La Liga,Screenshot 2026-05-14 124658.png,Lamine Yamal,Barcelona,true,shooting,MrFW,25.1,16,117,37,3,4,,,,,,,,,,,,,
2025-26,2025-2026,La Liga,Screenshot 2026-05-14 124658.png,Gerard Martin,Barcelona,true,shooting,pr,0,6,3,50,,0,,,,,,,,,,,,,
2025-26,2025-2026,La Liga,Screenshot 2026-05-14 124658.png,ules KoundÃ©,Barcelona,true,shooting,pr,24.1,1,13,3,0,0,,,,,,,,,,,,,
2025-26,2025-2026,La Liga,Screenshot 2026-05-14 124658.png,Dani Olmo,Barcelona,true,shooting,mF,22.1,7,69,21,0,0,,,,,,,,,,,,,
2025-26,2025-2026,La Liga,Screenshot 2026-05-14 124658.png,Pedi,Barcelona,true,shooting,MF,22.4,2,21,10,0,0,,,,,,,,,,,,,
2025-26,2025-2026,La Liga,Screenshot 2026-05-14 124658.png,FerrÃ©n Torres,Barcelona,true,shooting,Fw,20.9,16,67,36,0,0,,,,,,,,,,,,,
2025-26,2025-2026,La Liga,Screenshot 2026-05-14 124658.png,JAlgjandroBalde,Barcelona,true,shooting,OF,19.3,0,8,1,0,0,,,,,,,,,,,,,
2025-26,2025-2026,La Liga,Screenshot 2026-05-14 124658.png,Fermin Lopez,Barcelona,true,shooting,mr,19.5,6,65,23,0,0,,,,,,,,,,,,,
2025-26,2025-2026,La Liga,Screenshot 2026-05-14 124658.png,Marcus Rashford,Barcelona,true,shooting,MFFW,18.6,8,76,29,0,,,,,,,,,,,,,,
2025-26,2025-2026,La Liga,Screenshot 2026-05-14 124658.png,Raphinha,Barcelona,true,shooting,MrFW,14.6,11,60,20,3,3,,,,,,,,,,,,,
2025-26,2025-2026,La Liga,Screenshot 2026-05-14 124658.png,FrenkiedeJong,Barcelona,true,shooting,MF,17.9,1,7,2,0,0,,,,,,,,,,,,,
2025-26,2025-2026,La Liga,Screenshot 2026-05-14 124658.png,Robert Lewandowski,Barcelona,true,shooting,FW,16.6,13,60,28,1,3,,,,,,,,,,,,,
2025-26,2025-2026,La Liga,Screenshot 2026-05-14 124658.png,Ronald Aratijo SB,Barcelona,true,shooting,DF,11.1,3,11,5,0,0,,,,,,,,,,,,,
2025-26,2025-2026,La Liga,Screenshot 2026-05-14 124658.png,Marc Casado,Barcelona,true,shooting,mF,10.8,0,11,0,0,,,,,,,,,,,,,,
2025-26,2025-2026,La Liga,Screenshot 2026-05-14 124658.png,oo Cancelo,Barcelona,true,shooting,pr,9.5,1,11,3,0,0,,,,,,,,,,,,,
2025-26,2025-2026,La Liga,Screenshot 2026-05-14 124658.png,Wojciech Szczesny,Barcelona,true,shooting,GK,7,0,0,0,0,,,,,,,,,,,,,,
2025-26,2025-2026,La Liga,Screenshot 2026-05-14 124658.png,JRoony Bardahii,Barcelona,true,shooting,MFFW,6.9,1,21,12,0,0,,,,,,,,,,,,,
2025-26,2025-2026,La Liga,Screenshot 2026-05-14 124658.png,Andreas Christensen,Barcelona,true,shooting,DF,4.2,0,2,0,0,,,,,,,,,,,,,,
2025-26,2025-2026,La Liga,Screenshot 2026-05-14 124658.png,Xavi Espart,Barcelona,true,shooting,pr,0,0,0,,0,,,,,,,,,,,,,,
2025-26,2025-2026,La Liga,Screenshot 2026-05-14 124658.png,DrofemÃ©ndez,Barcelona,true,shooting,MF,0,0,0,,0,,,,,,,,,,,,,,
2025-26,2025-2026,La Liga,Screenshot 2026-05-14 124658.png,Alvaro Cortes,Barcelona,true,shooting,pr,1,0,0,0,0,,,,,,,,,,,,,,
2025-26,2025-2026,La Liga,Screenshot 2026-05-14 124658.png,fTonifernÃ©ndee,Barcelona,true,shooting,FW,0.5,0,0,0,0,,,,,,,,,,,,,,
2025-26,2025-2026,La Liga,Screenshot 2026-05-14 124658.png,Jofre Torrents,Barcelona,true,shooting,pr,0,0,0,,0,,,,,,,,,,,,,,
2025-26,2025-2026,La Liga,Screenshot 2026-05-14 124658.png,Tomas Marques,Barcelona,true,shooting,MF,0.1,0,0,0,,0,,,,,,,,,,,,,
2025-26,2025-2026,La Liga,Screenshot 2026-05-14 124950.png,oan Garcia Tese,Barcelona,true,goalkeeping,GK,29,,,,,,29,29,2610,20,0.69,91,73,80.2,15,7,,,
2025-26,2025-2026,La Liga,Screenshot 2026-05-14 124950.png,lwojciech Szczesny yg POL,Barcelona,true,goalkeeping,GK,7,,,,,,7,7,630,12,1.71,29,19,621,0,0,,,
2025-26,2025-2026,EPL,Screenshot 2026-05-14 125304.png,Luke Shaw,Man United,true,standard,DF,33.9,0,,,0,0,36,35,3048,,,,,,,,1,8,0
2025-26,2025-2026,EPL,Screenshot 2026-05-14 125304.png,lSrvanMbeumo,Man United,true,standard,MFFW,27.3,9,,,0,0,31,29,2457,,,,,,,,3,4,10.33
2025-26,2025-2026,EPL,Screenshot 2026-05-14 125304.png,Diogo Dalot,Man United,true,standard,FMF,28,1,,,0,0,33,28,2524,,,,,,,,3,0,0.04
2025-26,2025-2026,EPL,Screenshot 2026-05-14 125304.png,Matheus Cunha,Man United,true,standard,MFFW,26.8,9,,,0,0,32,28,2415,,,,,,,,2,4,0.34
2025-26,2025-2026,EPL,Screenshot 2026-05-14 125304.png,JAmad Diallo,Man United,true,standard,mr,26.2,2,,,0,0,30,25,2361,,,,,,,,2,2,0
2025-26,2025-2026,EPL,Screenshot 2026-05-14 125304.png,lLeny Yoro,Man United,true,standard,pF,19.1,0,,,0,0,31,18,1723,,,,,,,,0,1,6
2025-26,2025-2026,EPL,Screenshot 2026-05-14 125304.png,lBeniaminSesko,Man United,true,standard,FW,18.3,11,,,0,0,30,17,1643,,,,,,,,1,2,0
2025-26,2025-2026,EPL,Screenshot 2026-05-14 125304.png,lHarry Maguire,Man United,true,standard,OF,16.4,1,,,0,0,21,17,1473,,,,,,,,2,3,1
2025-26,2025-2026,EPL,Screenshot 2026-05-14 125304.png,Kobbie Msinco,Man United,true,standard,MF,16.5,1,,,0,0,26,14,1482,,,,,,,,2,1,0
2025-26,2025-2026,EPL,Screenshot 2026-05-14 125304.png,Patrick Dorgu,Man United,true,standard,mF,15.3,3,,,0,0,24,14,1377,,,,,,,,3,5,0
2025-26,2025-2026,EPL,Screenshot 2026-05-14 125304.png,lMatthijsde List,Man United,true,standard,oF,13,1,,,0,0,13,13,1170,,,,,,,,0,0,0
2025-26,2025-2026,EPL,Screenshot 2026-05-14 125304.png,lLisandro Martinez,Man United,true,standard,DF,11.7,0,,,0,0,16,11,1053,,,,,,,,0,0,1
2025-26,2025-2026,EPL,Screenshot 2026-05-14 125304.png,Mason Mount,Man United,true,standard,MF,10.4,3,,,0,0,21,11,934,,,,,,,,0,2,0
2025-26,2025-2026,EPL,Screenshot 2026-05-14 125304.png,lavden Heaven,Man United,true,standard,DF,10.3,0,,,0,0,17,11,924,,,,,,,,1,2,0
2025-26,2025-2026,EPL,Screenshot 2026-05-14 125304.png,NoussairMazraoui,Man United,true,standard,OFMF,10.1,0,,,0,3,19,10,912,,,,,,,,0,0,0
2025-26,2025-2026,EPL,Screenshot 2026-05-14 125304.png,Manuel Ugarte,Man United,true,standard,MF,9.9,0,,,1,0,22,8,887,,,,,,,,0,0,0
2025-26,2025-2026,EPL,Screenshot 2026-05-14 125304.png,laltayBavndr,Man United,true,standard,GK,0.4,0,,,0,0,6,6,40,,,,,,,,0,6,0
2025-26,2025-2026,EPL,Screenshot 2026-05-14 125304.png,Joshua Zirkee,Man United,true,standard,FWMF,6.6,2,,,0,0,22,5,598,,,,,,,,1,3,0
2025-26,2025-2026,EPL,Screenshot 2026-05-14 125304.png,BenditoMantato,Man United,true,standard,MF,0.2,0,,,0,0,1,0,16,,,,,,,,0,0,0
2025-26,2025-2026,EPL,Screenshot 2026-05-14 125304.png,shea Lacey,Man United,true,standard,Fw,0.2,0,,,0,0,2,0,14,,,,,,,,0,0,0
2025-26,2025-2026,EPL,Screenshot 2026-05-14 125304.png,Tyrell Malacia,Man United,true,standard,OF,0.1,0,,,0,0,2,0,9,,,,,,,,0,6,0
2025-26,2025-2026,EPL,Screenshot 2026-05-14 125304.png,lTvlerFredricson,Man United,true,standard,DF,0,0,,,0,0,1,0,3,,,,,,,,0,0,0
2025-26,2025-2026,EPL,Screenshot 2026-05-14 125304.png,Tvler Fletcher,Man United,true,standard,MF,0,0,,,0,0,1,100,0,,,,,,,,0,0,0
2025-26,2025-2026,EPL,Screenshot 2026-05-14 125418.png,Luke Shaw,Man United,true,shooting,DF,33.9,0,8,2,0,0,,,,,,,,,,,,,
2025-26,2025-2026,EPL,Screenshot 2026-05-14 125418.png,Bruno femandes,Man United,true,shooting,MF,32,8,79,22,4,6,,,,,,,,,,,,,
2025-26,2025-2026,EPL,Screenshot 2026-05-14 125418.png,casemiro,Man United,true,shooting,MF,27.7,9,49,18,0,0,,,,,,,,,,,,,
2025-26,2025-2026,EPL,Screenshot 2026-05-14 125418.png,sennelammens,Man United,true,shooting,ck,30,0,0,0,0,0,,,,,,,,,,,,,
2025-26,2025-2026,EPL,Screenshot 2026-05-14 125418.png,lSrvanMbeumo,Man United,true,shooting,MFFW,27.3,9,66,30,0,0,,,,,,,,,,,,,
2025-26,2025-2026,EPL,Screenshot 2026-05-14 125418.png,Diogo balot,Man United,true,shooting,DF.MF,28,1,23,6,0,0,,,,,,,,,,,,,
2025-26,2025-2026,EPL,Screenshot 2026-05-14 125418.png,Matheus Cunha,Man United,true,shooting,MFFW,26.8,9,86,34,0,0,,,,,,,,,,,,,
2025-26,2025-2026,EPL,Screenshot 2026-05-14 125418.png,Amad Diallo,Man United,true,shooting,MF,24,2,49,20,0,0,,,,,,,,,,,,,
2025-26,2025-2026,EPL,Screenshot 2026-05-14 125418.png,lLeny Yoro,Man United,true,shooting,pF,19.1,0,9,3,0,0,,,,,,,,,,,,,
2025-26,2025-2026,EPL,Screenshot 2026-05-14 125418.png,lBeniaminSesko,Man United,true,shooting,FW,18.3,11,61,34,0,0,,,,,,,,,,,,,
2025-26,2025-2026,EPL,Screenshot 2026-05-14 125418.png,Harry Maguire,Man United,true,shooting,DF,16.4,1,13,4,0,0,,,,,,,,,,,,,
2025-26,2025-2026,EPL,Screenshot 2026-05-14 125418.png,Kobbie Mineo,Man United,true,shooting,MF,16.5,1,11,3,0,0,,,,,,,,,,,,,
2025-26,2025-2026,EPL,Screenshot 2026-05-14 125418.png,Patrick Dorgu,Man United,true,shooting,MF,15.3,3,21,7,0,0,,,,,,,,,,,,,
2025-26,2025-2026,EPL,Screenshot 2026-05-14 125418.png,lMatthijs de List,Man United,true,shooting,OF,13,1,11,3,0,0,,,,,,,,,,,,,
2025-26,2025-2026,EPL,Screenshot 2026-05-14 125418.png,lLisandro Martinez,Man United,true,shooting,DF,11.7,0,4,0,0,0,,,,,,,,,,,,,
2025-26,2025-2026,EPL,Screenshot 2026-05-14 125418.png,Mason Mount,Man United,true,shooting,MF,10.4,3,18,5,0,0,,,,,,,,,,,,,
2025-26,2025-2026,EPL,Screenshot 2026-05-14 125418.png,lavden Heaven,Man United,true,shooting,DF,10.3,0,3,0,0,0,,,,,,,,,,,,,
2025-26,2025-2026,EPL,Screenshot 2026-05-14 125418.png,NoussairMazraoui,Man United,true,shooting,DFMF,10.1,0,5,0,0,0,,,,,,,,,,,,,
2025-26,2025-2026,EPL,Screenshot 2026-05-14 125418.png,Manuel Ugarte,Man United,true,shooting,MF,9.9,0,13,1,0,0,,,,,,,,,,,,,
2025-26,2025-2026,EPL,Screenshot 2026-05-14 125418.png,JaltayBavindr,Man United,true,shooting,GK,6,0,0,0,0,0,,,,,,,,,,,,,
2025-26,2025-2026,EPL,Screenshot 2026-05-14 125418.png,Joshua Zirkzee,Man United,true,shooting,FWMF,6.6,2,22,7,0,0,,,,,,,,,,,,,
2025-26,2025-2026,EPL,Screenshot 2026-05-14 125418.png,Jack Fletcher,Man United,true,shooting,MF,1.2,0,1,0,0,0,,,,,,,,,,,,,
2025-26,2025-2026,EPL,Screenshot 2026-05-14 125418.png,lBendito Mantato,Man United,true,shooting,MF,0.2,0,0,0,0,0,,,,,,,,,,,,,
2025-26,2025-2026,EPL,Screenshot 2026-05-14 125418.png,shea Lacey,Man United,true,shooting,Fw,0.2,0,3,1,0,0,,,,,,,,,,,,,
2025-26,2025-2026,EPL,Screenshot 2026-05-14 125418.png,TwellMalacia,Man United,true,shooting,DF,0.1,0,0,0,0,0,,,,,,,,,,,,,
2025-26,2025-2026,EPL,Screenshot 2026-05-14 125418.png,Tvler Fredricson,Man United,true,shooting,DF,0,0,0,0,0,0,,,,,,,,,,,,,
2025-26,2025-2026,EPL,Screenshot 2026-05-14 125418.png,Itvier Fletcher,Man United,true,shooting,MF,0,0,0,0,0,0,,,,,,,,,,,,,
2025-26,2025-2026,La Liga,Screenshot 2026-05-14 125603.png,Federico Valverde,Real Madrid,true,standard,MFDF,29.4,5,,,0,3,32,30,2650,,,,,,,,8,1,17
2025-26,2025-2026,La Liga,Screenshot 2026-05-14 125603.png,Vinicius JÃ©nior,Real Madrid,true,standard,FWMF,29.4,15,,,4,8,34,30,2649,,,,,,,,5,0,0.51
2025-26,2025-2026,La Liga,Screenshot 2026-05-14 125603.png,Thibaut Courtois,Real Madrid,true,standard,GK,29,0,,,0,0,29,29,2610,,,,,,,,0,1,0
2025-26,2025-2026,La Liga,Screenshot 2026-05-14 125603.png,JaurÃ©lien TchouamÃ©ni,Real Madrid,true,standard,MF,27.6,1,,,0,0,31,29,2483,,,,,,,,0,8,0.04
2025-26,2025-2026,La Liga,Screenshot 2026-05-14 125603.png,Kvlian MbapoÃ©,Real Madrid,true,standard,rw,26.6,24,,,8,9,28,27,2397,,,,,,,,4,4,6
2025-26,2025-2026,La Liga,Screenshot 2026-05-14 125603.png,arda Guler,Real Madrid,true,standard,mr,22.2,4,,,0,0,32,25,1997,,,,,,,,9,1,0
2025-26,2025-2026,La Liga,Screenshot 2026-05-14 125603.png,Alvaro Carreras,Real Madrid,true,standard,pr,23.9,2,,,0,0,26,24,2152,,,,,,,,2,5,1
2025-26,2025-2026,La Liga,Screenshot 2026-05-14 125603.png,Dean Hulisen,Real Madrid,true,standard,opr,21.4,2,,,0,0,26,23,1923,,,,,,,,2,7,1
2025-26,2025-2026,La Liga,Screenshot 2026-05-14 125603.png,Jude Bellingham,Real Madrid,true,standard,mF,19.2,4,,,0,0,25,20,1730,,,,,,,,4,2,0.21
2025-26,2025-2026,La Liga,Screenshot 2026-05-14 125603.png,Rail Asencio,Real Madrid,true,standard,pr,17,2,,,0,0,21,16,1528,,,,,,,,0,4,0
2025-26,2025-2026,La Liga,Screenshot 2026-05-14 125603.png,Eduardo Camavings,Real Madrid,true,standard,MF,15.7,1,,,0,2,27,15,1417,,,,,,,,0,0,0.06
2025-26,2025-2026,La Liga,Screenshot 2026-05-14 125603.png,Antonio Rudiger,Real Madrid,true,standard,pF,15.6,1,,,0,0,17,15,1400,,,,,,,,0,0,6
2025-26,2025-2026,La Liga,Screenshot 2026-05-14 125603.png,Eder Militao,Real Madrid,true,standard,pr,12.7,2,,,0,0,16,14,1139,,,,,,,,1,2,0
2025-26,2025-2026,La Liga,Screenshot 2026-05-14 125603.png,Trent Alexander-Arnold,Real Madrid,true,standard,DF,12.1,0,,,0,0,19,13,1086,,,,,,,,4,4,0
2025-26,2025-2026,La Liga,Screenshot 2026-05-14 125603.png,Brahim Diaz,Real Madrid,true,standard,mrrw,12.1,0,,,0,0,27,11,1088,,,,,,,,5,2,6
2025-26,2025-2026,La Liga,Screenshot 2026-05-14 125603.png,Franco Mastantuono,Real Madrid,true,standard,MFFW,9.6,1,,,0,0,20,9,867,,,,,,,,0,1,10
2025-26,2025-2026,La Liga,Screenshot 2026-05-14 125603.png,Fran Garcia,Real Madrid,true,standard,eM,9.3,1,,,0,0,12,9,839,,,,,,,,1,2,1
2025-26,2025-2026,La Liga,Screenshot 2026-05-14 125603.png,Gonzalo Garcia,Real Madrid,true,standard,rw,10.1,4,,,0,0,27,7,909,,,,,,,,1,2,0
2025-26,2025-2026,La Liga,Screenshot 2026-05-14 125603.png,Rodrvao,Real Madrid,true,standard,mrrw,7.6,1,,,0,0,19,6,684,,,,,,,,3,3,0
2025-26,2025-2026,La Liga,Screenshot 2026-05-14 125603.png,Andriy Lunin,Real Madrid,true,standard,Gk,6,0,,,0,1,6,6,540,,,,,,,,6,0,0
2025-26,2025-2026,La Liga,Screenshot 2026-05-14 125603.png,Thiago Pinar,Real Madrid,true,standard,mr,4.8,0,,,1,6,8,6,433,,,,,,,,0,0,0
2025-26,2025-2026,La Liga,Screenshot 2026-05-14 125603.png,Dani Ceballos,Real Madrid,true,standard,mr,5.2,0,,,0,0,15,4,469,,,,,,,,0,1,0
2025-26,2025-2026,La Liga,Screenshot 2026-05-14 125603.png,David Alaba,Real Madrid,true,standard,pr,36.3,0,,,,1,,9,3265,,,,,,,,0,,0
2025-26,2025-2026,La Liga,Screenshot 2026-05-14 125603.png,Ferland Mendy,Real Madrid,true,standard,pr,2.3,0,,,0,0,5,3,207,,,,,,,,0,0,0
2025-26,2025-2026,La Liga,Screenshot 2026-05-14 125603.png,Manuel Ange,Real Madrid,true,standard,mr,1.1,0,,,0,6,4,1,96,,,,,,,,0,0,0
2025-26,2025-2026,La Liga,Screenshot 2026-05-14 125603.png,Victor Valdevefias,Real Madrid,true,standard,oF,0.9,0,,,0,0,1,1,77,,,,,,,,0,0,0
2025-26,2025-2026,La Liga,Screenshot 2026-05-14 125603.png,David JimÃ©nez,Real Madrid,true,standard,pr,0.8,0,,,0,0,2,1,76,,,,,,,,0,0,0
2025-26,2025-2026,La Liga,Screenshot 2026-05-14 125603.png,CÃ©sar Palacios,Real Madrid,true,standard,mr,0.8,0,,,,0,,4,72,,,,,,,,0,,0
2025-26,2025-2026,La Liga,Screenshot 2026-05-14 125603.png,Daniel YÃ©fiez,Real Madrid,true,standard,mr,0.4,0,,,0,0,1,0,33,,,,,,,,1,0,0
2025-26,2025-2026,La Liga,Screenshot 2026-05-14 125618.png,Diego Aguado,Real Madrid,true,standard,pr,33.4,0,,,0,0,1,0,3003,,,,,,,,0,,0
2025-26,2025-2026,La Liga,Screenshot 2026-05-14 125618.png,Endrick,Real Madrid,true,standard,rw,0.1,0,,,0,1,1,0,12,,,,,,,,0,0,0
2025-26,2025-2026,La Liga,Screenshot 2026-05-14 125707.png,Federico Valverde,Real Madrid,true,shooting,uau MFDF,29.4,5,50,21,0,0,,,,,,,,,,,,,
2025-26,2025-2026,La Liga,Screenshot 2026-05-14 125707.png,Vinicius JÃ©nior,Real Madrid,true,shooting,FWMF,29.4,15,96,45,4,5,,,,,,,,,,,,,
2025-26,2025-2026,La Liga,Screenshot 2026-05-14 125707.png,fThibaut Courtois,Real Madrid,true,shooting,GK,28,0,0,0,0,0,,,,,,,,,,,,,
2025-26,2025-2026,La Liga,Screenshot 2026-05-14 125707.png,Kvlian MbapoÃ©,Real Madrid,true,shooting,Fw,26.6,24,132,61,8,9,,,,,,,,,,,,,
2025-26,2025-2026,La Liga,Screenshot 2026-05-14 125707.png,arda Guler,Real Madrid,true,shooting,mF,22.2,4,49,19,0,0,,,,,,,,,,,,,
2025-26,2025-2026,La Liga,Screenshot 2026-05-14 125707.png,Alvaro Carreras,Real Madrid,true,shooting,pr,23.9,2,8,2,0,0,,,,,,,,,,,,,
2025-26,2025-2026,La Liga,Screenshot 2026-05-14 125707.png,Dean Huiisen,Real Madrid,true,shooting,pr,21.4,2,20,5,0,0,,,,,,,,,,,,,
2025-26,2025-2026,La Liga,Screenshot 2026-05-14 125707.png,Jude Bellingham,Real Madrid,true,shooting,mF,19.2,4,48,23,0,0,,,,,,,,,,,,,
2025-26,2025-2026,La Liga,Screenshot 2026-05-14 125707.png,Rail Asencio,Real Madrid,true,shooting,pr,17,2,14,4,0,0,,,,,,,,,,,,,
2025-26,2025-2026,La Liga,Screenshot 2026-05-14 125707.png,Eduardo Camavings,Real Madrid,true,shooting,MF,15.7,1,12,2,0,0,,,,,,,,,,,,,
2025-26,2025-2026,La Liga,Screenshot 2026-05-14 125707.png,Antonio Rudiger,Real Madrid,true,shooting,pF,15.6,1,12,1,0,0,,,,,,,,,,,,,
2025-26,2025-2026,La Liga,Screenshot 2026-05-14 125707.png,Eder Militao,Real Madrid,true,shooting,Hisar,12.7,2,21,9,0,0,,,,,,,,,,,,,
2025-26,2025-2026,La Liga,Screenshot 2026-05-14 125707.png,Trent Alexander-Arnold,Real Madrid,true,shooting,DF,12.1,0,8,1,0,0,,,,,,,,,,,,,
2025-26,2025-2026,La Liga,Screenshot 2026-05-14 125707.png,Brahim Diaz,Real Madrid,true,shooting,mrrw,12.1,0,11,4,0,0,,,,,,,,,,,,,
2025-26,2025-2026,La Liga,Screenshot 2026-05-14 125707.png,Franco Mastantuono,Real Madrid,true,shooting,MFFW,9.6,1,27,6,0,0,,,,,,,,,,,,,
2025-26,2025-2026,La Liga,Screenshot 2026-05-14 125707.png,Fran Garcia,Real Madrid,true,shooting,pM,9.3,1,6,2,0,0,,,,,,,,,,,,,
2025-26,2025-2026,La Liga,Screenshot 2026-05-14 125707.png,Dani Carvajal,Real Madrid,true,shooting,pr,8.6,,0,5,0,,,,,,,,,,,,,,
2025-26,2025-2026,La Liga,Screenshot 2026-05-14 125707.png,Gonzalo Garcia,Real Madrid,true,shooting,rw,9,4,18,9,0,0,,,,,,,,,,,,,
2025-26,2025-2026,La Liga,Screenshot 2026-05-14 125707.png,Rodrvao,Real Madrid,true,shooting,MrFW,7.6,1,27,11,0,0,,,,,,,,,,,,,
2025-26,2025-2026,La Liga,Screenshot 2026-05-14 125707.png,Andriy Lunin,Real Madrid,true,shooting,Gk,6,0,0,0,0,0,,,,,,,,,,,,,
2025-26,2025-2026,La Liga,Screenshot 2026-05-14 125707.png,Thiago Pinar,Real Madrid,true,shooting,mr,4.8,0,3,1,0,0,,,,,,,,,,,,,
2025-26,2025-2026,La Liga,Screenshot 2026-05-14 125707.png,Dani Ceballos,Real Madrid,true,shooting,mF,5.2,0,3,0,0,0,,,,,,,,,,,,,
2025-26,2025-2026,La Liga,Screenshot 2026-05-14 125707.png,David Alabe,Real Madrid,true,shooting,pr,2.9,,0,3,0,,,,,,,,,,,,,,
2025-26,2025-2026,La Liga,Screenshot 2026-05-14 125707.png,Ferland Mendy,Real Madrid,true,shooting,pF,2.3,0,0,0,0,0,,,,,,,,,,,,,
2025-26,2025-2026,La Liga,Screenshot 2026-05-14 125707.png,Manuel Ange,Real Madrid,true,shooting,mr,1.1,0,2,1,0,0,,,,,,,,,,,,,
2025-26,2025-2026,La Liga,Screenshot 2026-05-14 125707.png,Victor Valdevefias,Real Madrid,true,shooting,oF,0.9,0,0,0,0,0,,,,,,,,,,,,,
2025-26,2025-2026,La Liga,Screenshot 2026-05-14 125707.png,David JimÃ©nez,Real Madrid,true,shooting,pr,0.8,0,1,1,0,0,,,,,,,,,,,,,
2025-26,2025-2026,La Liga,Screenshot 2026-05-14 125707.png,CÃ©sar Palacios,Real Madrid,true,shooting,mr,0.8,,0,2,0,0,,,,,,,,,,,,,
2025-26,2025-2026,La Liga,Screenshot 2026-05-14 125707.png,Daniel Yafiez,Real Madrid,true,shooting,mr,0.4,0,0,0,0,0,,,,,,,,,,,,,
2025-26,2025-2026,La Liga,Screenshot 2026-05-14 125707.png,Diego Aguado,Real Madrid,true,shooting,pr,0.3,0,0,0,0,0,,,,,,,,,,,,,
2025-26,2025-2026,La Liga,Screenshot 2026-05-14 125707.png,lJorge Cestero,Real Madrid,true,shooting,mr,0.1,0,0,0,0,0,,,,,,,,,,,,,
2025-26,2025-2026,La Liga,Screenshot 2026-05-14 125707.png,Endrick,Real Madrid,true,shooting,Fw,0.1,0,0,0,0,,,,,,,,,,,,,,
2025-26,2025-2026,EPL,Screenshot 2026-05-14 130053.png,Gianluigi Donnarumma,Man City,true,standard,GK,0,0,,,0,7,33,33,2.97033,,,,,,,,0,0,0
2025-26,2025-2026,EPL,Screenshot 2026-05-14 130053.png,Evling Haaland,Man City,true,standard,rw,31.8,26,,,3,4,34,33,2863,,,,,,,,8,2,0
2025-26,2025-2026,EPL,Screenshot 2026-05-14 130053.png,Bernardo Silve,Man City,true,standard,mF,30.7,2,,,0,0,36,32,2759,,,,,,,,4,10,0
2025-26,2025-2026,EPL,Screenshot 2026-05-14 130053.png,Matheus Nunes,Man City,true,standard,pr,3.4,5,,,0,5,33,312772,308,,,,,,,,6,0,3
2025-26,2025-2026,EPL,Screenshot 2026-05-14 130053.png,Nico O'Reilly,Man City,true,standard,DFMF,28.4,5,,,0,0,33,28,2556,,,,,,,,3,5,0
2025-26,2025-2026,EPL,Screenshot 2026-05-14 130053.png,Ruben Dias,Man City,true,standard,Fr,22.8,2,,,0,0,25,23,2051,,,,,,,,0,3,0.08
2025-26,2025-2026,EPL,Screenshot 2026-05-14 130053.png,Phil Foden,Man City,true,standard,mF,21.8,7,,,0,0,31,22,1961,,,,,,,,5,4,0
2025-26,2025-2026,EPL,Screenshot 2026-05-14 130053.png,Ravan Cherki,Man City,true,standard,mr,19.1,4,,,0,0,31,19,1718,,,,,,,,12,1,21
2025-26,2025-2026,EPL,Screenshot 2026-05-14 130053.png,Jeremy Doku,Man City,true,standard,mrrw,18.8,5,,,0,0,28,18,1695,,,,,,,,5,0,0
2025-26,2025-2026,EPL,Screenshot 2026-05-14 130053.png,Tiiani Rejinders,Man City,true,standard,mr,17.3,5,,,0,0,27,18,1555,,,,,,,,2,2,0.28
2025-26,2025-2026,EPL,Screenshot 2026-05-14 130053.png,Nico Gonzalez,Man City,true,standard,MF,16.4,1,,,0,0,24,16,1479,,,,,,,,0,6,0
2025-26,2025-2026,EPL,Screenshot 2026-05-14 130053.png,Rodsi,Man City,true,standard,mr,15.8,1,,,0,0,20,16,1421,,,,,,,,0,2,0.06
2025-26,2025-2026,EPL,Screenshot 2026-05-14 130053.png,Jantoine Semenyo,Man City,true,standard,MF,14.3,6,,,0,0,15,15,1285,,,,,,,,1,4,0
2025-26,2025-2026,EPL,Screenshot 2026-05-14 130053.png,JAbdukodir Khusanov,Man City,true,standard,pF,14.9,0,,,0,0,20,14,1342,,,,,,,,0,2,0
2025-26,2025-2026,EPL,Screenshot 2026-05-14 130053.png,Marc GuÃ©hi,Man City,true,standard,oF,14,1,,,0,0,14,14,1260,,,,,,,,1,2,0
2025-26,2025-2026,EPL,Screenshot 2026-05-14 130053.png,omarMarmoush,Man City,true,standard,FWMF,7.6,3,,,0,0,20,8,685,,,,,,,,3,3,0
2025-26,2025-2026,EPL,Screenshot 2026-05-14 130053.png,Nathan AkÃ©,Man City,true,standard,or,6.9,0,,,0,0,17,5,619,,,,,,,,0,1,0
2025-26,2025-2026,EPL,Screenshot 2026-05-14 130053.png,Joscar Bobb,Man City,true,standard,mrrw,5.2,0,,,0,0,9,5,468,,,,,,,,1,12,0
2025-26,2025-2026,EPL,Screenshot 2026-05-14 130053.png,ohn Stones,Man City,true,standard,or,48.5,0,,,,0,,8,4362,,,,,,,,0,,0
2025-26,2025-2026,EPL,Screenshot 2026-05-14 130053.png,Rico Lewis,Man City,true,standard,pF,3.5,0,,,0,0,10,3,317,,,,,,,,1,1,0
2025-26,2025-2026,EPL,Screenshot 2026-05-14 130053.png,ames Trafford,Man City,true,standard,ck,36.3,0,,,,0,,3,3270,,,,,,,,0,,0
2025-26,2025-2026,EPL,Screenshot 2026-05-14 130053.png,Max Alleyne,Man City,true,standard,oF,1.5,0,,,0,0,2,2,135,,,,,,,,0,0,0
2025-26,2025-2026,EPL,Screenshot 2026-05-14 130053.png,Mateo KovadiÃ©,Man City,true,standard,mr,0.5,0,,,,0,,4,43,,,,,,,,1,,0
2025-26,2025-2026,EPL,Screenshot 2026-05-14 130053.png,Divine Mukasa,Man City,true,standard,mF,0.3,0,,,0,0,2,0,27,,,,,,,,0,0,0
2025-26,2025-2026,EPL,Screenshot 2026-05-14 130155.png,Gianluigi Donnarumma,Man City,true,shooting,GK,33,0,0,0,0,0,,,,,,,,,,,,,
2025-26,2025-2026,EPL,Screenshot 2026-05-14 130155.png,lEciing Haaland,Man City,true,shooting,Fw,31.8,26,124,58,3,4,,,,,,,,,,,,,
2025-26,2025-2026,EPL,Screenshot 2026-05-14 130155.png,Bernardo Silva,Man City,true,shooting,mF,30.7,2,28,6,0,0,,,,,,,,,,,,,
2025-26,2025-2026,EPL,Screenshot 2026-05-14 130155.png,Matheus Nunes,Man City,true,shooting,pF,30.8,1,7,2,0,0,,,,,,,,,,,,,
2025-26,2025-2026,EPL,Screenshot 2026-05-14 130155.png,Nico O'Reilly,Man City,true,shooting,DRMF,28.4,5,39,14,0,0,,,,,,,,,,,,,
2025-26,2025-2026,EPL,Screenshot 2026-05-14 130155.png,Ruben Dias,Man City,true,shooting,pF,22.8,2,10,4,0,0,,,,,,,,,,,,,
2025-26,2025-2026,EPL,Screenshot 2026-05-14 130155.png,Phil Foden,Man City,true,shooting,MF,21.8,7,55,19,0,0,,,,,,,,,,,,,
2025-26,2025-2026,EPL,Screenshot 2026-05-14 130155.png,Rayan Cherki,Man City,true,shooting,MF,19.1,4,53,13,0,0,,,,,,,,,,,,,
2025-26,2025-2026,EPL,Screenshot 2026-05-14 130155.png,Jeremy Doku,Man City,true,shooting,MFFw,18.8,5,36,14,0,0,,,,,,,,,,,,,
2025-26,2025-2026,EPL,Screenshot 2026-05-14 130155.png,Tiiani Rejinders,Man City,true,shooting,mr,17.3,5,45,15,0,0,,,,,,,,,,,,,
2025-26,2025-2026,EPL,Screenshot 2026-05-14 130155.png,Nico Gonzalez,Man City,true,shooting,MF,16.4,1,13,2,0,0,,,,,,,,,,,,,
2025-26,2025-2026,EPL,Screenshot 2026-05-14 130155.png,Rodsi,Man City,true,shooting,mr,15.8,1,12,2,0,0,,,,,,,,,,,,,
2025-26,2025-2026,EPL,Screenshot 2026-05-14 130155.png,soko Gvardiol,Man City,true,shooting,pr,15.1,2,17,6,0,0,,,,,,,,,,,,,
2025-26,2025-2026,EPL,Screenshot 2026-05-14 130155.png,Jantoine Semenyo,Man City,true,shooting,MFFW,14.3,6,32,12,0,0,,,,,,,,,,,,,
2025-26,2025-2026,EPL,Screenshot 2026-05-14 130155.png,JAbdukodir Khusanov,Man City,true,shooting,oF,14.8,0,6,1,0,0,,,,,,,,,,,,,
2025-26,2025-2026,EPL,Screenshot 2026-05-14 130155.png,Mare GuÃ©hi,Man City,true,shooting,DF,14,1,17,5,0,,,,,,,,,,,,,,
2025-26,2025-2026,EPL,Screenshot 2026-05-14 130155.png,Ravan Ait-Nouri,Man City,true,shooting,pF,10.7,0,10,2,0,0,,,,,,,,,,,,,
2025-26,2025-2026,EPL,Screenshot 2026-05-14 130155.png,omarMarmoush,Man City,true,shooting,FWMF,7.6,3,29,9,0,0,,,,,,,,,,,,,
2025-26,2025-2026,EPL,Screenshot 2026-05-14 130155.png,savio,Man City,true,shooting,mr,7.9,1,17,11,0,0,,,,,,,,,,,,,
2025-26,2025-2026,EPL,Screenshot 2026-05-14 130155.png,Nathan AkÃ©,Man City,true,shooting,oF,6.9,0,6,1,0,0,,,,,,,,,,,,,
2025-26,2025-2026,EPL,Screenshot 2026-05-14 130155.png,Joscar Bobb,Man City,true,shooting,Mrrw,5.2,0,4,0,0,0,,,,,,,,,,,,,
2025-26,2025-2026,EPL,Screenshot 2026-05-14 130155.png,ohn Stones,Man City,true,shooting,oF,4,0,0,0,0,0,,,,,,,,,,,,,
2025-26,2025-2026,EPL,Screenshot 2026-05-14 130155.png,Rico Lewis,Man City,true,shooting,DF,3.5,,0,2,0,0,,,,,,,,,,,,,
2025-26,2025-2026,EPL,Screenshot 2026-05-14 130155.png,James Trafford,Man City,true,shooting,ck,3,,0,0,,,,,,,,,,,,,,,
2025-26,2025-2026,EPL,Screenshot 2026-05-14 130155.png,Max Alleyne,Man City,true,shooting,DF,1.5,0,2,1,0,0,,,,,,,,,,,,,
2025-26,2025-2026,EPL,Screenshot 2026-05-14 130155.png,Mateo KovadiÃ©,Man City,true,shooting,mF,0.5,0,1,0,0,0,,,,,,,,,,,,,
2025-26,2025-2026,EPL,Screenshot 2026-05-14 130155.png,Divine Mukasa,Man City,true,shooting,MF,0.3,0,0,0,0,0,,,,,,,,,,,,,
2025-26,2025-2026,EPL,Screenshot 2026-05-14 130840.png,Enzo FernÃ©ndez,Chelsea,true,standard,,32.6,9,,,2,2,34,33,2935,,,,,,,,3,9,0.28
2025-26,2025-2026,EPL,Screenshot 2026-05-14 130840.png,Robert SÃ©nchez,Chelsea,true,standard,,31.8,0,,,0,3,33,33,2859,,,,,,,,1,1,0
2025-26,2025-2026,EPL,Screenshot 2026-05-14 130840.png,-Teevoh Chalobah,Chelsea,true,standard,,30.4,3,,,0,0,32,31,2740,,,,,,,,0,3,1
2025-26,2025-2026,EPL,Screenshot 2026-05-14 130840.png,Jodo Pedro,Chelsea,true,standard,,28.6,15,,,0,0,34,30,2571,,,,,,,,5,4,0
2025-26,2025-2026,EPL,Screenshot 2026-05-14 130840.png,Mare Cucurella,Chelsea,true,standard,,28.1,1,,,0,0,32,29,2527,,,,,,,,4,7,1
2025-26,2025-2026,EPL,Screenshot 2026-05-14 130840.png,Pedro Neto,Chelsea,true,standard,,27.5,5,,,0,0,32,28,2479,,,,,,,,4,4,1
2025-26,2025-2026,EPL,Screenshot 2026-05-14 130840.png,Malo Gusto,Chelsea,true,standard,,24.2,2,,,0,0,33,25,2177,,,,,,,,3,5,1
2025-26,2025-2026,EPL,Screenshot 2026-05-14 130840.png,Cole Palmer,Chelsea,true,standard,,0.2,1,,,6,4,24,221777,19.7,,,,,,,,10,10.46,0.05
2025-26,2025-2026,EPL,Screenshot 2026-05-14 130840.png,Reece James,Chelsea,true,standard,,21.4,2,,,0,4,28,20,1924,,,,,,,,4,0,0.09
2025-26,2025-2026,EPL,Screenshot 2026-05-14 130840.png,Wesley Fofana,Chelsea,true,standard,,17.6,0,,,0,7,23,18,1581,,,,,,,,1,1,0
2025-26,2025-2026,EPL,Screenshot 2026-05-14 130840.png,Alejandro Garnacho,Chelsea,true,standard,,14.1,1,,,0,0,23,14,1266,,,,,,,,4,2,0
2025-26,2025-2026,EPL,Screenshot 2026-05-14 130840.png,Andrey Santos,Chelsea,true,standard,,13,0,,,0,0,26,12,1170,,,,,,,,0,4,0
2025-26,2025-2026,EPL,Screenshot 2026-05-14 130840.png,EstÃ©vlo Willan,Chelsea,true,standard,,9.4,2,,,0,0,22,12,848,,,,,,,,2,4,21
2025-26,2025-2026,EPL,Screenshot 2026-05-14 130840.png,Liam Dela,Chelsea,true,standard,,11.3,1,,,0,0,26,11,1013,,,,,,,,0,3,0
2025-26,2025-2026,EPL,Screenshot 2026-05-14 130840.png,Jorrel Hato,Chelsea,true,standard,,11.2,0,,,0,0,20,10,1007,,,,,,,,0,6,0
2025-26,2025-2026,EPL,Screenshot 2026-05-14 130840.png,Tosin Adarabioyo,Chelsea,true,standard,,8.8,0,,,2,0,16,8,795,,,,,,,,0,0,0
2025-26,2025-2026,EPL,Screenshot 2026-05-14 130840.png,Joshua Acheampong,Chelsea,true,standard,,1,1,,,0,6,15,7,87,,,,,,,,0,1,0
2025-26,2025-2026,EPL,Screenshot 2026-05-14 130840.png,Jamie Gittens,Chelsea,true,standard,,5.5,0,,,0,0,16,5,495,,,,,,,,2,0,0
2025-26,2025-2026,EPL,Screenshot 2026-05-14 130840.png,RomÃ©o Lavia,Chelsea,true,standard,,4.2,0,,,0,0,12,4,382,,,,,,,,0,0,0
2025-26,2025-2026,EPL,Screenshot 2026-05-14 130840.png,Filip Jorgensen,Chelsea,true,standard,,4.2,0,,,0,0,5,3,379,,,,,,,,0,0,0
2025-26,2025-2026,EPL,Screenshot 2026-05-14 130840.png,Mare Guiu,Chelsea,true,standard,,14,0,,,,0,,8,1257,,,,,,,,1,1,0
2025-26,2025-2026,EPL,Screenshot 2026-05-14 130840.png,Levi Colwill,Chelsea,true,standard,,1.5,0,,,0,0,2,1,135,,,,,,,,0,0,0
2025-26,2025-2026,EPL,Screenshot 2026-05-14 130840.png,Mamadou Sart,Chelsea,true,standard,,1,0,,,0,0,2,1,92,,,,,,,,0,0,0
2025-26,2025-2026,EPL,Screenshot 2026-05-14 130840.png,Facundo Buonanotte,Chelsea,true,standard,,0.5,0,,,0,0,1,1,45,,,,,,,,0,0,0
2025-26,2025-2026,EPL,Screenshot 2026-05-14 130840.png,Jesse Derry,Chelsea,true,standard,,1.6,0,,,,6,,1,144,,,,,,,,0,6,0
2025-26,2025-2026,EPL,Screenshot 2026-05-14 130840.png,Twrique George,Chelsea,true,standard,,1.6,0,,,2,0,4,0,145,,,,,,,,0,0,0
2025-26,2025-2026,EPL,Screenshot 2026-05-14 130840.png,Dario Essuso,Chelsea,true,standard,,0.3,0,,,,0,,2,28,,,,,,,,0,1,0
2025-26,2025-2026,EPL,Screenshot 2026-05-14 130849.png,Jamie Gittens,Chelsea,true,standard,MF,5.5,0,,,0,0,16,5,495,,,,,,,,2,0,0
2025-26,2025-2026,EPL,Screenshot 2026-05-14 130849.png,nomÃ©e Lava,Chelsea,true,standard,mr,48.5,0,,,,0,12,,4362,,,,,,,,0,0,0
2025-26,2025-2026,EPL,Screenshot 2026-05-14 130849.png,Levi Colwill,Chelsea,true,standard,oF,4.8,9,,,0,0,2,1,435,,,,,,,,9,0,0
2025-26,2025-2026,EPL,Screenshot 2026-05-14 130849.png,Jesse Derry,Chelsea,true,standard,MF,1.6,,,,,0,,1,144,,,,,,,,9,,0
2025-26,2025-2026,EPL,Screenshot 2026-05-14 130849.png,Tyrique George,Chelsea,true,standard,FW,0.2,0,,,2,0,4,1,16,,,,,,,,9,0,0
2025-26,2025-2026,EPL,Screenshot 2026-05-14 131018.png,Robert Sanchez HEQESP,Chelsea,true,goalkeeping,GK,31.8,,,,,,33,33,2859,46,145,135,90,674,9,273,,,
2025-26,2025-2026,EPL,Screenshot 2026-05-14 131018.png,Flip teraensen SEEN,Chelsea,true,goalkeeping,GK,4.2,,,,,,5,3,379,5,119,13,8,615,0,0,,,
2025-26,2025-2026,EPL,Screenshot 2026-05-14 131028.png,Enzo FernÃ©ndez,Chelsea,true,shooting,MF,32.6,9,70,30,2,2,,,,,,,,,,,,,
2025-26,2025-2026,EPL,Screenshot 2026-05-14 131028.png,mobert Sinchez,Chelsea,true,shooting,GK,31.8,0,0,0,,0,,,,,,,,,,,,,
2025-26,2025-2026,EPL,Screenshot 2026-05-14 131028.png,teevoh chalobah,Chelsea,true,shooting,DF,30.4,3,16,5,0,0,,,,,,,,,,,,,
2025-26,2025-2026,EPL,Screenshot 2026-05-14 131028.png,moisÃ©s Caicedo,Chelsea,true,shooting,MF,29.1,3,26,7,0,0,,,,,,,,,,,,,
2025-26,2025-2026,EPL,Screenshot 2026-05-14 131028.png,merccucurella,Chelsea,true,shooting,DF,28.1,1,20,6,0,,,,,,,,,,,,,,
2025-26,2025-2026,EPL,Screenshot 2026-05-14 131028.png,edro weto,Chelsea,true,shooting,mF,27.5,5,44,12,0,0,,,,,,,,,,,,,
2025-26,2025-2026,EPL,Screenshot 2026-05-14 131028.png,Mato Gusto,Chelsea,true,shooting,pF,24.2,2,12,6,0,0,,,,,,,,,,,,,
2025-26,2025-2026,EPL,Screenshot 2026-05-14 131028.png,ccole Balmer,Chelsea,true,shooting,MF,19.7,9,58,22,5,6,,,,,,,,,,,,,
2025-26,2025-2026,EPL,Screenshot 2026-05-14 131028.png,Reece James,Chelsea,true,shooting,DEMF,21.4,2,21,6,0,0,,,,,,,,,,,,,
2025-26,2025-2026,EPL,Screenshot 2026-05-14 131028.png,wesley Fofana,Chelsea,true,shooting,pF,17.6,0,8,1,0,0,,,,,,,,,,,,,
2025-26,2025-2026,EPL,Screenshot 2026-05-14 131028.png,alejandro Gamacho,Chelsea,true,shooting,MF,14.1,1,33,7,0,,,,,,,,,,,,,,
2025-26,2025-2026,EPL,Screenshot 2026-05-14 131028.png,Jandrey Santos,Chelsea,true,shooting,MF,13,0,10,1,0,,,,,,,,,,,,,,
2025-26,2025-2026,EPL,Screenshot 2026-05-14 131028.png,lestevÃ©owilian,Chelsea,true,shooting,MF,9.4,2,28,8,0,0,,,,,,,,,,,,,
2025-26,2025-2026,EPL,Screenshot 2026-05-14 131028.png,Liam Delap,Chelsea,true,shooting,FW,11.3,1,35,11,0,0,,,,,,,,,,,,,
2025-26,2025-2026,EPL,Screenshot 2026-05-14 131028.png,orrel Hato,Chelsea,true,shooting,pF,11.2,0,4,0,0,0,,,,,,,,,,,,,
2025-26,2025-2026,EPL,Screenshot 2026-05-14 131028.png,tosinaAdarabiove,Chelsea,true,shooting,DF,8.8,0,2,0,,0,,,,,,,,,,,,,
2025-26,2025-2026,EPL,Screenshot 2026-05-14 131028.png,toshua Acheampong,Chelsea,true,shooting,DF,6.5,1,3,2,0,,,,,,,,,,,,,,
2025-26,2025-2026,EPL,Screenshot 2026-05-14 131028.png,Benoit Badiashile,Chelsea,true,shooting,DF,5.2,0,0,0,,0,,,,,,,,,,,,,
2025-26,2025-2026,EPL,Screenshot 2026-05-14 131028.png,amie cittens,Chelsea,true,shooting,MF,5.5,0,19,2,0,0,,,,,,,,,,,,,
2025-26,2025-2026,EPL,Screenshot 2026-05-14 131028.png,RomÃ©o Lavia,Chelsea,true,shooting,mr,4.2,0,3,0,,0,,,,,,,,,,,,,
2025-26,2025-2026,EPL,Screenshot 2026-05-14 131028.png,elipsorgensen,Chelsea,true,shooting,GK,4.2,0,0,0,0,0,,,,,,,,,,,,,
2025-26,2025-2026,EPL,Screenshot 2026-05-14 131028.png,mare Guiu,Chelsea,true,shooting,Fw,2.9,0,12,2,0,,,,,,,,,,,,,,
2025-26,2025-2026,EPL,Screenshot 2026-05-14 131028.png,Levi cotwit,Chelsea,true,shooting,oF,1.5,0,0,0,0,0,,,,,,,,,,,,,
2025-26,2025-2026,EPL,Screenshot 2026-05-14 131028.png,emadousarr,Chelsea,true,shooting,DF,1,0,1,0,,0,,,,,,,,,,,,,
2025-26,2025-2026,EPL,Screenshot 2026-05-14 131028.png,racundo Buonanotte,Chelsea,true,shooting,MF,0.5,0,0,0,,0,,,,,,,,,,,,,
2025-26,2025-2026,EPL,Screenshot 2026-05-14 131028.png,tesse Derry,Chelsea,true,shooting,MF,0.5,0,2,1,0,,,,,,,,,,,,,,
2025-26,2025-2026,EPL,Screenshot 2026-05-14 131028.png,twiue George,Chelsea,true,shooting,FW,1.6,0,3,2,0,0,,,,,,,,,,,,,
2025-26,2025-2026,EPL,Screenshot 2026-05-14 131028.png,Dario Essugo,Chelsea,true,shooting,mF,0.3,0,0,0,0,0,,,,,,,,,,,,,
2025-26,2025-2026,EPL,Screenshot 2026-05-14 131250.png,vigil van Dijk,Liverpool,true,standard,,36,4,,,0,0,36,36,3240,,,,,,,,0,4,0
2025-26,2025-2026,EPL,Screenshot 2026-05-14 131250.png,Dominik Szobosziai,Liverpool,true,standard,,33.9,6,,,0,1,34,34,3051,,,,,,,,5,8,1
2025-26,2025-2026,EPL,Screenshot 2026-05-14 131250.png,Ibrahima KonatÃ©,Liverpool,true,standard,,32.4,1,,,0,0,34,34,2912,,,,,,,,0,6,0
2025-26,2025-2026,EPL,Screenshot 2026-05-14 131250.png,JRyanGravenberch,Liverpool,true,standard,,31.6,5,,,0,0,34,32,2845,,,,,,,,3,5,0
2025-26,2025-2026,EPL,Screenshot 2026-05-14 131250.png,Cody Gakpo,Liverpool,true,standard,,28.6,7,,,0,0,34,30,2574,,,,,,,,5,3,0
2025-26,2025-2026,EPL,Screenshot 2026-05-14 131250.png,Alexis Mac Allister,Liverpool,true,standard,,27.5,2,,,0,0,35,29,2478,,,,,,,,4,6,0
2025-26,2025-2026,EPL,Screenshot 2026-05-14 131250.png,Florian Wirtz,Liverpool,true,standard,,25.9,5,,,0,0,31,27,2335,,,,,,,,3,1,0
2025-26,2025-2026,EPL,Screenshot 2026-05-14 131250.png,Alisson,Liverpool,true,standard,,25,0,,,0,0,25,25,2250,,,,,,,,0,1,0
2025-26,2025-2026,EPL,Screenshot 2026-05-14 131250.png,Mohamed Salah,Liverpool,true,standard,,22.8,7,,,1,2,25,22,2056,,,,,,,,6,1,0
2025-26,2025-2026,EPL,Screenshot 2026-05-14 131250.png,Hugo ekitike,Liverpool,true,standard,,20,11,,,0,0,28,21,1803,,,,,,,,4,0,0
2025-26,2025-2026,EPL,Screenshot 2026-05-14 131250.png,Curtis Jones,Liverpool,true,standard,,19.5,0,,,0,0,32,16,1757,,,,,,,,2,2,0
2025-26,2025-2026,EPL,Screenshot 2026-05-14 131250.png,Jeremie Frimpong,Liverpool,true,standard,,11.4,0,,,0,0,20,12,1023,,,,,,,,1,1,0
2025-26,2025-2026,EPL,Screenshot 2026-05-14 131250.png,Conor Bradley,Liverpool,true,standard,,10.3,0,,,0,0,15,12,928,,,,,,,,1,5,0
2025-26,2025-2026,EPL,Screenshot 2026-05-14 131250.png,andrew Robertson,Liverpool,true,standard,,12.2,1,,,0,0,23,10,1098,,,,,,,,0,0,0
2025-26,2025-2026,EPL,Screenshot 2026-05-14 131250.png,Giorgi Mamardashvili,Liverpool,true,standard,,8.6,0,,,0,0,9,9,777,,,,,,,,0,0,0
2025-26,2025-2026,EPL,Screenshot 2026-05-14 131250.png,Alexander Isak,Liverpool,true,standard,,7.8,3,,,0,0,14,8,699,,,,,,,,1,0,0
2025-26,2025-2026,EPL,Screenshot 2026-05-14 131250.png,Joe Gomez,Liverpool,true,standard,,0.7,2,,,0,3,19,6,60,,,,,,,,2,0,0
2025-26,2025-2026,EPL,Screenshot 2026-05-14 131250.png,Rio Naumoha,Liverpool,true,standard,,4.4,2,,,0,0,17,3,398,,,,,,,,1,0,0
2025-26,2025-2026,EPL,Screenshot 2026-05-14 131250.png,Freddie Woodman,Liverpool,true,standard,,2.5,0,,,,0,29071,3,223,,,,,,,,0,0,0
2025-26,2025-2026,EPL,Screenshot 2026-05-14 131250.png,Federico Chiesa,Liverpool,true,standard,,3.5,2,,,0,0,25,1,314,,,,,,,,1,3,0
2025-26,2025-2026,EPL,Screenshot 2026-05-14 131250.png,Wataru Endo,Liverpool,true,standard,,13.1,0,,,,0,3309,8,1175,,,,,,,,1,12,0
2025-26,2025-2026,EPL,Screenshot 2026-05-14 131250.png,Trey Nyoni,Liverpool,true,standard,,0.2,0,,,0,0,5,0,16,,,,,,,,0,0,0
2025-26,2025-2026,EPL,Screenshot 2026-05-14 131250.png,Harvey Elliott,Liverpool,true,standard,,0,0,,,0,0,1,1,0,,,,,,,,0,0,0
2025-26,2025-2026,EPL,Screenshot 2026-05-14 131549.png,alisson HBisxe,Liverpool,true,goalkeeping,GK,25,,,,,,25,25,2250,30,120,84,568,66.7,8,320,,,
2025-26,2025-2026,EPL,Screenshot 2026-05-14 131549.png,Freddie Woodman FRENG,Liverpool,true,goalkeeping,GK,2.4,,,,,,3,2,213,4,169,13,9,692,0,0,,,
2025-26,2025-2026,EPL,Screenshot 2026-05-14 131609.png,Virgil van Diik,Liverpool,true,shooting,pr,36,4,27,12,0,0,,,,,,,,,,,,,
2025-26,2025-2026,EPL,Screenshot 2026-05-14 131609.png,Dominik Szoboszisi,Liverpool,true,shooting,MFDF,33.9,6,68,21,0,1,,,,,,,,,,,,,
2025-26,2025-2026,EPL,Screenshot 2026-05-14 131609.png,brahima KonatÃ©,Liverpool,true,shooting,DF,32.4,1,10,3,0,0,,,,,,,,,,,,,
2025-26,2025-2026,EPL,Screenshot 2026-05-14 131609.png,Javan Gravenberch,Liverpool,true,shooting,MF,31.6,5,35,11,0,0,,,,,,,,,,,,,
2025-26,2025-2026,EPL,Screenshot 2026-05-14 131609.png,Cody Gakpo,Liverpool,true,shooting,mew,28.6,7,83,21,0,0,,,,,,,,,,,,,
2025-26,2025-2026,EPL,Screenshot 2026-05-14 131609.png,alexis Mac Alister,Liverpool,true,shooting,MF,27.5,2,47,11,0,0,,,,,,,,,,,,,
2025-26,2025-2026,EPL,Screenshot 2026-05-14 131609.png,Florian Wirtz,Liverpool,true,shooting,Mr,25.9,5,48,17,0,0,,,,,,,,,,,,,
2025-26,2025-2026,EPL,Screenshot 2026-05-14 131609.png,Milos Kerkez,Liverpool,true,shooting,pr,24,2,8,2,,0,,,,,,,,,,,,,
2025-26,2025-2026,EPL,Screenshot 2026-05-14 131609.png,Jalisson,Liverpool,true,shooting,Gk,25,0,0,0,,0,,,,,,,,,,,,,
2025-26,2025-2026,EPL,Screenshot 2026-05-14 131609.png,Mohamed Saish,Liverpool,true,shooting,MF,22.8,7,64,17,1,1,,,,,,,,,,,,,
2025-26,2025-2026,EPL,Screenshot 2026-05-14 131609.png,Hugo ekitike,Liverpool,true,shooting,rw,20,11,65,19,0,0,,,,,,,,,,,,,
2025-26,2025-2026,EPL,Screenshot 2026-05-14 131609.png,Curtis Jones,Liverpool,true,shooting,MFDF,19.5,0,19,6,0,0,,,,,,,,,,,,,
2025-26,2025-2026,EPL,Screenshot 2026-05-14 131609.png,eremie Frimpong,Liverpool,true,shooting,DFMF,11.4,0,10,2,0,0,,,,,,,,,,,,,
2025-26,2025-2026,EPL,Screenshot 2026-05-14 131609.png,Conor Bradley,Liverpool,true,shooting,DF,10.3,0,6,0,,0,,,,,,,,,,,,,
2025-26,2025-2026,EPL,Screenshot 2026-05-14 131609.png,andrew Robertson,Liverpool,true,shooting,DF,12.2,1,9,3,0,0,,,,,,,,,,,,,
2025-26,2025-2026,EPL,Screenshot 2026-05-14 131609.png,Giorgi Mamardashvili,Liverpool,true,shooting,GK,8.6,0,0,0,,0,,,,,,,,,,,,,
2025-26,2025-2026,EPL,Screenshot 2026-05-14 131609.png,alexander Isak,Liverpool,true,shooting,FW,7.8,3,17,6,0,0,,,,,,,,,,,,,
2025-26,2025-2026,EPL,Screenshot 2026-05-14 131609.png,Joe Gomez,Liverpool,true,shooting,DF,6,0,3,1,0,0,,,,,,,,,,,,,
2025-26,2025-2026,EPL,Screenshot 2026-05-14 131609.png,Rio Naumoha,Liverpool,true,shooting,MF,4.4,2,11,6,0,0,,,,,,,,,,,,,
2025-26,2025-2026,EPL,Screenshot 2026-05-14 131609.png,Freddie Woodman,Liverpool,true,shooting,GK,2.4,0,0,0,,0,,,,,,,,,,,,,
2025-26,2025-2026,EPL,Screenshot 2026-05-14 131609.png,Federico Chiesa,Liverpool,true,shooting,MF,3.5,2,16,4,0,0,,,,,,,,,,,,,
2025-26,2025-2026,EPL,Screenshot 2026-05-14 131609.png,Wataru Endo,Liverpool,true,shooting,DF,1.9,0,1,0,0,0,,,,,,,,,,,,,
2025-26,2025-2026,EPL,Screenshot 2026-05-14 131609.png,Trev Nyoni,Liverpool,true,shooting,mF,0.2,0,1,0,,0,,,,,,,,,,,,,
2025-26,2025-2026,EPL,Screenshot 2026-05-14 131609.png,Harvey Elliott,Liverpool,true,shooting,FWMF,0,0,0,0,,0,,,,,,,,,,,,,
2025-26,2025-2026,EPL,Screenshot 2026-05-14 131957.png,Micky vandeVen,Tottenham,true,standard,DF,31.8,4,,,0,8,33,33,2861,,,,,,,,1,1,0.13
2025-26,2025-2026,EPL,Screenshot 2026-05-14 131957.png,Jcualielmo Vicario,Tottenham,true,standard,Gk,0,0,,,1,0,31312790,31,0,,,,,,,,0,0,0
2025-26,2025-2026,EPL,Screenshot 2026-05-14 131957.png,Pedro Porro,Tottenham,true,standard,or,29.1,1,,,0,0,32,30,2616,,,,,,,,2,9,0
2025-26,2025-2026,EPL,Screenshot 2026-05-14 131957.png,Died Spence,Tottenham,true,standard,DFMF,21.6,0,,,0,4,28,22,1943,,,,,,,,0,0,0
2025-26,2025-2026,EPL,Screenshot 2026-05-14 131957.png,Cristian Romero,Tottenham,true,standard,DF,20.8,4,,,0,0,23,22,1868,,,,,,,,1,11,2
2025-26,2025-2026,EPL,Screenshot 2026-05-14 131957.png,Joo Palhinha,Tottenham,true,standard,mr,22.9,4,,,0,0,31,21,2061,,,,,,,,2,7,0
2025-26,2025-2026,EPL,Screenshot 2026-05-14 131957.png,Rodrigo Bentancur,Tottenham,true,standard,MF,19,1,,,0,9,24,21,1712,,,,,,,,1,7,0
2025-26,2025-2026,EPL,Screenshot 2026-05-14 131957.png,Randal Kolo Muani,Tottenham,true,standard,FWMF,17.5,1,,,0,0,28,20,1578,,,,,,,,1,3,0
2025-26,2025-2026,EPL,Screenshot 2026-05-14 131957.png,Xavi Simons,Tottenham,true,standard,mrrw,19.5,2,,,0,0,28,19,1755,,,,,,,,5,5,1
2025-26,2025-2026,EPL,Screenshot 2026-05-14 131957.png,Mohammed Kudus,Tottenham,true,standard,MRFW,17.1,2,,,0,0,19,19,1535,,,,,,,,5,3,0
2025-26,2025-2026,EPL,Screenshot 2026-05-14 131957.png,Richarlison,Tottenham,true,standard,FMF,20,10,,,0,0,30,18,1802,,,,,,,,4,5,0
2025-26,2025-2026,EPL,Screenshot 2026-05-14 131957.png,Archie Gray,Tottenham,true,standard,mrpr,16.3,2,,,0,0,23,18,1468,,,,,,,,2,12,12
2025-26,2025-2026,EPL,Screenshot 2026-05-14 131957.png,Kevin Danso,Tottenham,true,standard,pr,14.6,0,,,0,0,22,15,1314,,,,,,,,0,8,0
2025-26,2025-2026,EPL,Screenshot 2026-05-14 131957.png,Pape Matar Sarr,Tottenham,true,standard,MF,15.1,2,,,0,0,24,13,1357,,,,,,,,3,2,0
2025-26,2025-2026,EPL,Screenshot 2026-05-14 131957.png,Destiny Udogie,Tottenham,true,standard,DFMF,13.1,0,,,0,0,18,12,1182,,,,,,,,1,3,0
2025-26,2025-2026,EPL,Screenshot 2026-05-14 131957.png,ConorGallasher,Tottenham,true,standard,MF,11.3,1,,,0,0,14,12,1013,,,,,,,,1,2,0
2025-26,2025-2026,EPL,Screenshot 2026-05-14 131957.png,Mathys Tel,Tottenham,true,standard,rw,14.3,4,,,0,0,28,11,1287,,,,,,,,1,1,0
2025-26,2025-2026,EPL,Screenshot 2026-05-14 131957.png,Dominic Solanke,Tottenham,true,standard,FW,11.1,3,,,0,0,15,11,1001,,,,,,,,0,1,0
2025-26,2025-2026,EPL,Screenshot 2026-05-14 131957.png,Lucas Bergvall,Tottenham,true,standard,mr,10.7,1,,,0,0,23,11,965,,,,,,,,3,2,0
2025-26,2025-2026,EPL,Screenshot 2026-05-14 131957.png,Wilson Odebert,Tottenham,true,standard,MFFW,10.9,0,,,0,0,24,10,985,,,,,,,,2,0,0
2025-26,2025-2026,EPL,Screenshot 2026-05-14 131957.png,Yves Bissouma,Tottenham,true,standard,MF,6.7,0,,,0,0,11,7,603,,,,,,,,0,0,0
2025-26,2025-2026,EPL,Screenshot 2026-05-14 131957.png,Brennan Johnson,Tottenham,true,standard,MRFW,6.8,2,,,0,0,16,6,610,,,,,,,,0,2,0
2025-26,2025-2026,EPL,Screenshot 2026-05-14 131957.png,Radu DrÃ©gusin,Tottenham,true,standard,oF,6.3,0,,,,0,,9,565.7,,,,,,,,0,,0
2025-26,2025-2026,EPL,Screenshot 2026-05-14 131957.png,Antonin Kinsky,Tottenham,true,standard,Ze cK,5,0,,,0,0,5,5,450,,,,,,,,0,0,0
2025-26,2025-2026,EPL,Screenshot 2026-05-14 131957.png,Souza,Tottenham,true,standard,mr,1.6,0,,,0,0,4,2,144,,,,,,,,0,0,0
2025-26,2025-2026,EPL,Screenshot 2026-05-14 131957.png,Ben Davies,Tottenham,true,standard,oF,4.9,1,,,0,0,3,2,437,,,,,,,,0,1,0
2025-26,2025-2026,EPL,Screenshot 2026-05-14 131957.png,Callum Olusesi,Tottenham,true,standard,mr,16.7,0,,,,0,,1,1502,,,,,,,,0,,0
2025-26,2025-2026,EPL,Screenshot 2026-05-14 131957.png,Dane Scarlett,Tottenham,true,standard,rw,8.9,0,,,,0,,2,801,,,,,,,,0,,0
2025-26,2025-2026,EPL,Screenshot 2026-05-14 131957.png,James Maddison,Tottenham,true,standard,FWMF,0,0,,,0,0,1,6,1,,,,,,,,0,0,0
2025-26,2025-2026,EPL,Screenshot 2026-05-14 131957.png,Junai Byfield,Tottenham,true,standard,oF,0,0,,,0,0,1,100,0,,,,,,,,0,0,0
2025-26,2025-2026,EPL,Screenshot 2026-05-14 132008.png,James Rowswell,Tottenham,true,standard,pr,0,0,,,0,0,1,0,1,,,,,,,,0,0,0
2025-26,2025-2026,EPL,Screenshot 2026-05-14 132220.png,Guslicimo Vicario HITA,Tottenham,true,goalkeeping,GK,31,,,,,,31,31,2790,50,1.61,131,63,634,7,226,,,
2025-26,2025-2026,EPL,Screenshot 2026-05-14 132220.png,Jantonin Kinsky Mya CZE,Tottenham,true,goalkeeping,GK,5,,,,,,5,5,450,5,100,11,7,636,1,200,,,
2025-26,2025-2026,EPL,Screenshot 2026-05-14 132241.png,Micky van de Ven,Tottenham,true,shooting,DF,31.8,4,15,6,0,0,,,,,,,,,,,,,
2025-26,2025-2026,EPL,Screenshot 2026-05-14 132241.png,lcuslieimo Vicario,Tottenham,true,shooting,ck,31,0,0,0,0,,,,,,,,,,,,,,
2025-26,2025-2026,EPL,Screenshot 2026-05-14 132241.png,Pedro Porro,Tottenham,true,shooting,pr,29.1,1,30,8,0,0,,,,,,,,,,,,,
2025-26,2025-2026,EPL,Screenshot 2026-05-14 132241.png,Died Spence,Tottenham,true,shooting,DFMF,21.6,0,12,7,0,0,,,,,,,,,,,,,
2025-26,2025-2026,EPL,Screenshot 2026-05-14 132241.png,Cristian Romero,Tottenham,true,shooting,DF,20.8,4,17,6,0,,,,,,,,,,,,,,
2025-26,2025-2026,EPL,Screenshot 2026-05-14 132241.png,ogo Palhinha,Tottenham,true,shooting,MF,22.7,4,28,8,0,0,,,,,,,,,,,,,
2025-26,2025-2026,EPL,Screenshot 2026-05-14 132241.png,Rodrigo Bentancur,Tottenham,true,shooting,MF,19,1,13,3,0,0,,,,,,,,,,,,,
2025-26,2025-2026,EPL,Screenshot 2026-05-14 132241.png,Randal Kolo Muani,Tottenham,true,shooting,FWMF,17.5,1,19,4,0,,,,,,,,,,,,,,
2025-26,2025-2026,EPL,Screenshot 2026-05-14 132241.png,Xavisimons,Tottenham,true,shooting,MFFW,19.5,2,42,10,0,0,,,,,,,,,,,,,
2025-26,2025-2026,EPL,Screenshot 2026-05-14 132241.png,Mohammed Kudus,Tottenham,true,shooting,MRFW,17.1,2,26,9,0,0,,,,,,,,,,,,,
2025-26,2025-2026,EPL,Screenshot 2026-05-14 132241.png,Richarlison,Tottenham,true,shooting,FWIMF,20,10,56,24,0,0,,,,,,,,,,,,,
2025-26,2025-2026,EPL,Screenshot 2026-05-14 132241.png,archie Gray,Tottenham,true,shooting,MRF,16.3,2,11,5,0,0,,,,,,,,,,,,,
2025-26,2025-2026,EPL,Screenshot 2026-05-14 132241.png,Kevin Danco,Tottenham,true,shooting,DF,14.6,0,7,2,0,,,,,,,,,,,,,,
2025-26,2025-2026,EPL,Screenshot 2026-05-14 132241.png,leone Matarsar,Tottenham,true,shooting,MF,15.1,2,16,6,0,0,,,,,,,,,,,,,
2025-26,2025-2026,EPL,Screenshot 2026-05-14 132241.png,Destiny Udogie,Tottenham,true,shooting,DFMF,13.1,0,3,1,0,0,,,,,,,,,,,,,
2025-26,2025-2026,EPL,Screenshot 2026-05-14 132241.png,Conor Gallagher,Tottenham,true,shooting,MF,11.3,1,9,3,0,,,,,,,,,,,,,,
2025-26,2025-2026,EPL,Screenshot 2026-05-14 132241.png,loathys Tel,Tottenham,true,shooting,merw,13.2,4,31,8,0,0,,,,,,,,,,,,,
2025-26,2025-2026,EPL,Screenshot 2026-05-14 132241.png,Dominic Solanke,Tottenham,true,shooting,FW,11.1,3,20,11,0,,,,,,,,,,,,,,
2025-26,2025-2026,EPL,Screenshot 2026-05-14 132241.png,Lucas Berovall,Tottenham,true,shooting,MF,10.7,1,12,5,0,0,,,,,,,,,,,,,
2025-26,2025-2026,EPL,Screenshot 2026-05-14 132241.png,wilson Odebert,Tottenham,true,shooting,MFFW,10.9,0,21,8,0,0,,,,,,,,,,,,,
2025-26,2025-2026,EPL,Screenshot 2026-05-14 132241.png,wes Bissoume,Tottenham,true,shooting,MF,6.7,0,5,2,0,,,,,,,,,,,,,,
2025-26,2025-2026,EPL,Screenshot 2026-05-14 132241.png,Brennan Johnson,Tottenham,true,shooting,MRFW,6.8,2,6,2,0,0,,,,,,,,,,,,,
2025-26,2025-2026,EPL,Screenshot 2026-05-14 132241.png,Radu Orgousin,Tottenham,true,shooting,OF,5.7,0,4,0,0,,,,,,,,,,,,,,
2025-26,2025-2026,EPL,Screenshot 2026-05-14 132241.png,Jantonin Kinsky,Tottenham,true,shooting,GK,5,0,0,0,0,,,,,,,,,,,,,,
2025-26,2025-2026,EPL,Screenshot 2026-05-14 132241.png,Souza,Tottenham,true,shooting,mr,1.6,0,1,1,0,0,,,,,,,,,,,,,
2025-26,2025-2026,EPL,Screenshot 2026-05-14 132241.png,Ben Davies,Tottenham,true,shooting,DF,1.5,1,2,2,0,0,,,,,,,,,,,,,
2025-26,2025-2026,EPL,Screenshot 2026-05-14 132241.png,Callum Olusesi,Tottenham,true,shooting,MF,0.2,0,0,0,,,,,,,,,,,,,,,
2025-26,2025-2026,EPL,Screenshot 2026-05-14 132241.png,Dene Scariett,Tottenham,true,shooting,FW,,0,0,0,0,,,,,,,,,,,,,,
2025-26,2025-2026,EPL,Screenshot 2026-05-14 132241.png,ames Maddison,Tottenham,true,shooting,FWMF,0.11,0,0,0,0,,,,,,,,,,,,,,
2025-26,2025-2026,EPL,Screenshot 2026-05-14 132241.png,Junai Byfield,Tottenham,true,shooting,DF,0,0,0,0,0,,,,,,,,,,,,,,
2025-26,2025-2026,EPL,Screenshot 2026-05-14 132241.png,James Rowswell,Tottenham,true,shooting,DF,0,0,0,0,0,,,,,,,,,,,,,,
2025-26,2025-2026,Bundesliga,Screenshot 2026-05-14 132619.png,wis Diaz,Bayern Munich,true,standard,MF,26.2,15,,,0,0,31,26,2357,,,,,,,,13,7,1
2025-26,2025-2026,Bundesliga,Screenshot 2026-05-14 132619.png,Harry Kane,Bayern Munich,true,standard,FWMF,25.4,33,,,10,11,30,24,2287,,,,,,,,5,1,0
2025-26,2025-2026,Bundesliga,Screenshot 2026-05-14 132619.png,Michael Olise,Bayern Munich,true,standard,mr,25.4,15,,,0,0,31,23,2286,,,,,,,,19,8,0
2025-26,2025-2026,Bundesliga,Screenshot 2026-05-14 132619.png,Joshua Kimmich,Bayern Munich,true,standard,MF,24.3,2,,,0,0,28,23,2190,,,,,,,,6,4,0
2025-26,2025-2026,Bundesliga,Screenshot 2026-05-14 132619.png,onathan Tah,Bayern Munich,true,standard,oF,21.4,2,,,0,0,27,22,1928,,,,,,,,1,7,0
2025-26,2025-2026,Bundesliga,Screenshot 2026-05-14 132619.png,Konrad tsimer,Bayern Munich,true,standard,DF,21.7,3,,,0,0,28,21,1949,,,,,,,,9,8,0.14
2025-26,2025-2026,Bundesliga,Screenshot 2026-05-14 132619.png,ManuelNeuer,Bayern Munich,true,standard,GK,20,0,,,0,0,21,21,1800,,,,,,,,0,0,0
2025-26,2025-2026,Bundesliga,Screenshot 2026-05-14 132619.png,lDavot Upamecano,Bayern Munich,true,standard,OF,18.9,1,,,0,0,23,20,1704,,,,,,,,1,4,0
2025-26,2025-2026,Bundesliga,Screenshot 2026-05-14 132619.png,ldosip StanisiÃ©,Bayern Munich,true,standard,DF,20.1,2,,,0,0,25,19,1812,,,,,,,,3,1,0
2025-26,2025-2026,Bundesliga,Screenshot 2026-05-14 132619.png,Kim Min-jae,Bayern Munich,true,standard,oF,17.8,1,,,1,0,25,19,1602,,,,,,,,1,6,0.06
2025-26,2025-2026,Bundesliga,Screenshot 2026-05-14 132619.png,Aleksandar Pavlovic,Bayern Munich,true,standard,MF,16.2,3,,,0,0,24,16,1462,,,,,,,,1,2,0
2025-26,2025-2026,Bundesliga,Screenshot 2026-05-14 132619.png,SerseGnabry,Bayern Munich,true,standard,MF,13.5,8,,,0,0,21,16,1219,,,,,,,,6,1,0
2025-26,2025-2026,Bundesliga,Screenshot 2026-05-14 132619.png,Lennart Karl,Bayern Munich,true,standard,mr,0,5,,,,1,25,15,1.221136,,,,,,,,4,,37
2025-26,2025-2026,Bundesliga,Screenshot 2026-05-14 132619.png,Tom Bischof,Bayern Munich,true,standard,prMF,13.5,2,,,0,0,25,13,1212,,,,,,,,3,2,15
2025-26,2025-2026,Bundesliga,Screenshot 2026-05-14 132619.png,Nicolas Jackson,Bayern Munich,true,standard,FW,11.1,7,,,0,2,22,12,999,,,,,,,,1,1,63
2025-26,2025-2026,Bundesliga,Screenshot 2026-05-14 132619.png,sonas urbig,Bayern Munich,true,standard,ck,12,0,,,0,0,13,11,1080,,,,,,,,0,0,0
2025-26,2025-2026,Bundesliga,Screenshot 2026-05-14 132619.png,Hiroki Ito,Bayern Munich,true,standard,NDF,10.2,1,,,0,0,16,10,920,,,,,,,,2,0,0
2025-26,2025-2026,Bundesliga,Screenshot 2026-05-14 132619.png,RaphaÃ©l Guerreiro,Bayern Munich,true,standard,MF,8.5,5,,,0,0,17,8,763,,,,,,,,2,0,0
2025-26,2025-2026,Bundesliga,Screenshot 2026-05-14 132619.png,Jamal Musiale,Bayern Munich,true,standard,MFFW,6.8,3,,,41,4,14,6,614,,,,,,,,4,1,0
2025-26,2025-2026,Bundesliga,Screenshot 2026-05-14 132619.png,lAlphonso Davies,Bayern Munich,true,standard,DF,5.8,1,,,0,0,13,6,525,,,,,,,,3,1,0
2025-26,2025-2026,Bundesliga,Screenshot 2026-05-14 132619.png,Sacha Boey,Bayern Munich,true,standard,oF,5.1,0,,,0,0,9,5,463,,,,,,,,0,1,0
2025-26,2025-2026,Bundesliga,Screenshot 2026-05-14 132619.png,Maycon Cardozo,Bayern Munich,true,standard,MF,0.4,0,,,0,6,2,0,34,,,,,,,,0,0,0
2025-26,2025-2026,Bundesliga,Screenshot 2026-05-14 132619.png,Wistlom Mike,Bayern Munich,true,standard,Fw,33.4,0,,,,0,4,,3003,,,,,,,,0,,0
2025-26,2025-2026,Bundesliga,Screenshot 2026-05-14 132619.png,David Daiber,Bayern Munich,true,standard,Fw,31.1,0,,,,0,2,,2803,,,,,,,,0,,0
2025-26,2025-2026,Bundesliga,Screenshot 2026-05-14 132619.png,lEelive Chavez,Bayern Munich,true,standard,MF,0.2,0,,,0,0,2,0,14,,,,,,,,0,0,0
2025-26,2025-2026,Bundesliga,Screenshot 2026-05-14 132619.png,Deniz Ofl,Bayern Munich,true,standard,or,6.7,0,,,,0,1,,601,,,,,,,,0,,0
2025-26,2025-2026,Bundesliga,Screenshot 2026-05-14 132701.png,ManuelNeuer MMBLGER,Bayern Munich,true,goalkeeping,GK,20,,,,,,21,21,1800,19,95,49,31,633,7,333,,,
2025-26,2025-2026,Bundesliga,Screenshot 2026-05-14 132701.png,Jonasurbig -RMBLGER,Bayern Munich,true,goalkeeping,GK,12,,,,,,13,11,1080,15,1.25,45,31,689,6,845,,,
2025-26,2025-2026,Bundesliga,Screenshot 2026-05-14 132701.png,Sven Ulreich - MMBGER,Bayern Munich,true,goalkeeping,GK,1,,,,,,1,1,90,1,100,7,6,857,0,0,,,
2025-26,2025-2026,Bundesliga,Screenshot 2026-05-14 132715.png,wis Diaz,Bayern Munich,true,shooting,MF,26.2,15,85,35,0,0,,,,,,,,,,,,,
2025-26,2025-2026,Bundesliga,Screenshot 2026-05-14 132715.png,terry Kane,Bayern Munich,true,shooting,FUMF,25.4,33,114,64,10,11,,,,,,,,,,,,,
2025-26,2025-2026,Bundesliga,Screenshot 2026-05-14 132715.png,LconGoreizke,Bayern Munich,true,shooting,MF,20.7,5,33,11,0,0,,,,,,,,,,,,,
2025-26,2025-2026,Bundesliga,Screenshot 2026-05-14 132715.png,tichaet otise,Bayern Munich,true,shooting,MF,25.4,15,101,50,0,,,,,,,,,,,,,,
2025-26,2025-2026,Bundesliga,Screenshot 2026-05-14 132715.png,oshue Kimmich,Bayern Munich,true,shooting,MF,24.3,2,27,10,0,0,,,,,,,,,,,,,
2025-26,2025-2026,Bundesliga,Screenshot 2026-05-14 132715.png,onathan Tah,Bayern Munich,true,shooting,DF,21.4,2,8,5,0,0,,,,,,,,,,,,,
2025-26,2025-2026,Bundesliga,Screenshot 2026-05-14 132715.png,Konradtaimer,Bayern Munich,true,shooting,oF,21.7,3,17,8,0,0,,,,,,,,,,,,,
2025-26,2025-2026,Bundesliga,Screenshot 2026-05-14 132715.png,menvelNever,Bayern Munich,true,shooting,GK,20,0,0,0,,0,,,,,,,,,,,,,
2025-26,2025-2026,Bundesliga,Screenshot 2026-05-14 132715.png,Dayot Upamecano,Bayern Munich,true,shooting,OF,18.9,1,8,2,0,0,,,,,,,,,,,,,
2025-26,2025-2026,Bundesliga,Screenshot 2026-05-14 132715.png,tosipstanisiÃ©,Bayern Munich,true,shooting,oF,20.1,2,7,4,0,0,,,,,,,,,,,,,
2025-26,2025-2026,Bundesliga,Screenshot 2026-05-14 132715.png,im Min-jee,Bayern Munich,true,shooting,DF,17.8,1,5,3,0,,,,,,,,,,,,,,
2025-26,2025-2026,Bundesliga,Screenshot 2026-05-14 132715.png,aleksandar Paviovic,Bayern Munich,true,shooting,MF,16.2,3,10,5,0,0,,,,,,,,,,,,,
2025-26,2025-2026,Bundesliga,Screenshot 2026-05-14 132715.png,Serge Gnabry,Bayern Munich,true,shooting,MF,13.5,8,50,17,0,0,,,,,,,,,,,,,
2025-26,2025-2026,Bundesliga,Screenshot 2026-05-14 132715.png,Lennart Kari,Bayern Munich,true,shooting,MF,13.6,5,40,21,0,0,,,,,,,,,,,,,
2025-26,2025-2026,Bundesliga,Screenshot 2026-05-14 132715.png,tom Bischof,Bayern Munich,true,shooting,DFMF,13.5,2,29,8,0,,,,,,,,,,,,,,
2025-26,2025-2026,Bundesliga,Screenshot 2026-05-14 132715.png,Wicolas Jackson,Bayern Munich,true,shooting,FW,11.1,7,37,20,0,0,,,,,,,,,,,,,
2025-26,2025-2026,Bundesliga,Screenshot 2026-05-14 132715.png,tonas urbig,Bayern Munich,true,shooting,ck,12,0,0,0,0,0,,,,,,,,,,,,,
2025-26,2025-2026,Bundesliga,Screenshot 2026-05-14 132715.png,icokd to,Bayern Munich,true,shooting,DF,10.2,1,10,3,0,0,,,,,,,,,,,,,
2025-26,2025-2026,Bundesliga,Screenshot 2026-05-14 132715.png,Raphael Guerreiro,Bayern Munich,true,shooting,MF,8.5,5,11,5,0,,,,,,,,,,,,,,
2025-26,2025-2026,Bundesliga,Screenshot 2026-05-14 132715.png,tomalmusiala,Bayern Munich,true,shooting,MFFW,6.8,3,28,9,1,1,,,,,,,,,,,,,
2025-26,2025-2026,Bundesliga,Screenshot 2026-05-14 132715.png,Alphonso Davies,Bayern Munich,true,shooting,DF,5.8,1,4,1,0,0,,,,,,,,,,,,,
2025-26,2025-2026,Bundesliga,Screenshot 2026-05-14 132715.png,Sacha Boey,Bayern Munich,true,shooting,pF,5.1,0,6,0,,0,,,,,,,,,,,,,
2025-26,2025-2026,Bundesliga,Screenshot 2026-05-14 132715.png,ara ndiave,Bayern Munich,true,shooting,wr,1.5,0,0,0,,0,,,,,,,,,,,,,
2025-26,2025-2026,Bundesliga,Screenshot 2026-05-14 132715.png,sven utreich,Bayern Munich,true,shooting,ck,1,0,0,0,,0,,,,,,,,,,,,,
2025-26,2025-2026,Bundesliga,Screenshot 2026-05-14 132715.png,meycon Cardozo,Bayern Munich,true,shooting,MF,0.4,0,0,0,0,0,,,,,,,,,,,,,
2025-26,2025-2026,Bundesliga,Screenshot 2026-05-14 132715.png,wisdom Mike,Bayern Munich,true,shooting,Fw,0.3,0,2,1,0,0,,,,,,,,,,,,,
2025-26,2025-2026,Bundesliga,Screenshot 2026-05-14 132715.png,avid Daiber,Bayern Munich,true,shooting,Fw,0.3,0,1,0,,0,,,,,,,,,,,,,
2025-26,2025-2026,Bundesliga,Screenshot 2026-05-14 132715.png,elive chavez,Bayern Munich,true,shooting,MF,0.2,0,1,0,,0,,,,,,,,,,,,,
2025-26,2025-2026,Bundesliga,Screenshot 2026-05-14 132715.png,Deniz oft,Bayern Munich,true,shooting,or,0.1,0,0,0,0,0,,,,,,,,,,,,,
2025-26,2025-2026,Bundesliga,Screenshot 2026-05-14 132715.png,onahKusi-asare,Bayern Munich,true,shooting,FW,0.1,0,0,0,,0,,,,,,,,,,,,,
2025-26,2025-2026,Bundesliga,Screenshot 2026-05-14 132715.png,erbinOsmani,Bayern Munich,true,shooting,MF,0,0,0,0,,0,,,,,,,,,,,,,
2025-26,2025-2026,Bundesliga,Screenshot 2026-05-14 132715.png,cassiano Kisle,Bayern Munich,true,shooting,OF,0,0,0,0,0,0,,,,,,,,,,,,,
2025-26,2025-2026,Ligue 1,Screenshot 2026-05-14 133049.png,Warren Zaire-Emery,Paris SG,true,standard,MERA,25.6,3,,,0,3,31,26,2300,,,,,,,,4,1,0.15
2025-26,2025-2026,Ligue 1,Screenshot 2026-05-14 133049.png,lia Zabarnyi,Paris SG,true,standard,Mca,25.5,1,,,0,0,27,25,2297,,,,,,,,0,6,0
2025-26,2025-2026,Ligue 1,Screenshot 2026-05-14 133049.png,vitinha,Paris SG,true,standard,Epon,22.8,1,,,0,0,28,23,2052,,,,,,,,7,2,0
2025-26,2025-2026,Ligue 1,Screenshot 2026-05-14 133049.png,wilian Pacho,Paris SG,true,standard,MBecu,21.3,0,,,0,0,23,21,1914,,,,,,,,0,0,0
2025-26,2025-2026,Ligue 1,Screenshot 2026-05-14 133049.png,Senny Mayulu,Paris SG,true,standard,Bra,18.2,4,,,0,0,25,21,1639,,,,,,,,4,2,0
2025-26,2025-2026,Ligue 1,Screenshot 2026-05-14 133049.png,Lucas Herndndez,Paris SG,true,standard,BBees,19.4,0,,,0,0,25,20,1747,,,,,,,,3,4,0
2025-26,2025-2026,Ligue 1,Screenshot 2026-05-14 133049.png,Sradley Barcola,Paris SG,true,standard,Hera,18.7,10,,,0,2,28,20,1686,,,,,,,,1,0,53
2025-26,2025-2026,Ligue 1,Screenshot 2026-05-14 133049.png,Lee Kang-in,Paris SG,true,standard,3KOR,16.5,3,,,0,0,26,18,1486,,,,,,,,4,3,0
2025-26,2025-2026,Ligue 1,Screenshot 2026-05-14 133049.png,Lucas Beraldo,Paris SG,true,standard,Wilars,16.4,2,,,0,0,19,17,1477,,,,,,,,1,2,0
2025-26,2025-2026,Ligue 1,Screenshot 2026-05-14 133049.png,Khvicha Kvaratskhelia,Paris SG,true,standard,-FRGEO,15.8,8,,,1,11,27,17,1422,,,,,,,,4,0,0.51
2025-26,2025-2026,Ligue 1,Screenshot 2026-05-14 133049.png,DÃ©sirÃ© Dous,Paris SG,true,standard,BBexs,15,7,,,0,1,23,6,1348,,,,,,,,4,0,0
2025-26,2025-2026,Ligue 1,Screenshot 2026-05-14 133049.png,Achraf Hakimi,Paris SG,true,standard,MMvsg,15.3,2,,,0,0,18,15,1375,,,,,,,,2,3,1
2025-26,2025-2026,Ligue 1,Screenshot 2026-05-14 133049.png,Matvei Safonov,Paris SG,true,standard,mmRus,14,0,,,0,0,14,14,1260,,,,,,,,0,0,0
2025-26,2025-2026,Ligue 1,Screenshot 2026-05-14 133049.png,Nuno Mendes,Paris SG,true,standard,Elror,14,4,,,1,1,20,13,1256,,,,,,,,5,1,0
2025-26,2025-2026,Ligue 1,Screenshot 2026-05-14 133049.png,FabiÃ©n Ruiz Pefia,Paris SG,true,standard,Hiese,11.6,1,,,0,0,19,12,1041,,,,,,,,3,2,0
2025-26,2025-2026,Ligue 1,Screenshot 2026-05-14 133049.png,Ousmane DembÃ©lÃ©,Paris SG,true,standard,Brera,11.5,10,,,2,3,21,10,1037,,,,,,,,7,0,0
2025-26,2025-2026,Ligue 1,Screenshot 2026-05-14 133049.png,marauinhos,Paris SG,true,standard,Blas,10.7,0,,,0,0,13,10,962,,,,,,,,0,0,0
2025-26,2025-2026,Ligue 1,Screenshot 2026-05-14 133049.png,Quentin Ndjantou,Paris SG,true,standard,FRA,4,1,,,0,0,10,3,360,,,,,,,,1,1,0
2025-26,2025-2026,Ligue 1,Screenshot 2026-05-14 133049.png,Renato Marin,Paris SG,true,standard,Eb,2,0,,,0,0,2,2,180,,,,,,,,0,0,0
2025-26,2025-2026,Ligue 1,Screenshot 2026-05-14 133049.png,Pierre Mounquengue,Paris SG,true,standard,MFRA,0.2,0,,,0,0,1,0,16,,,,,,,,0,0,0
2025-26,2025-2026,Ligue 1,Screenshot 2026-05-14 133049.png,Dimitri Lucea,Paris SG,true,standard,Ebr,0.2,0,,,,0,,1,15,,,,,,,,0,,0
2025-26,2025-2026,Ligue 1,Screenshot 2026-05-14 133049.png,Mathis Jangeal,Paris SG,true,standard,Bhkea,0,0,,,0,0,1,11,1,,,,,,,,0,0,0
2025-26,2025-2026,Ligue 1,Screenshot 2026-05-14 133049.png,Noah Nsoki,Paris SG,true,standard,Bees,0.1,0,,,0,0,1,0,8,,,,,,,,0,0,0
2025-26,2025-2026,Ligue 1,Screenshot 2026-05-14 133138.png,fuucas Chevalier MERA,Paris SG,true,goalkeeping,GK,17,,,,,,17,17,1530,13,0.76,43,32,721,9,528,,,
2025-26,2025-2026,Ligue 1,Screenshot 2026-05-14 133138.png,Matvei Safonov gg RUS,Paris SG,true,goalkeeping,GK,14,,,,,,14,14,1260,12,0.86,44,33,727,8,571,,,
2025-26,2025-2026,Ligue 1,Screenshot 2026-05-14 133138.png,Renato Marin MITA,Paris SG,true,goalkeeping,GK,0.2,,,,,,2,2180,20,1,5,3,600,1,500,0,,,
2025-26,2025-2026,Ligue 1,Screenshot 2026-05-14 133148.png,Warren Zaire-Emery,Paris SG,true,shooting,,26.6,3,19,7,0,0,,,,,,,,,,,,,
2025-26,2025-2026,Ligue 1,Screenshot 2026-05-14 133148.png,lia Zabarnvi,Paris SG,true,shooting,,25.5,1,4,3,0,0,,,,,,,,,,,,,
2025-26,2025-2026,Ligue 1,Screenshot 2026-05-14 133148.png,itinha,Paris SG,true,shooting,,22.8,1,32,10,0,0,,,,,,,,,,,,,
2025-26,2025-2026,Ligue 1,Screenshot 2026-05-14 133148.png,wilian Pacho,Paris SG,true,shooting,,21.3,,0,8,0,0,,,,,,,,,,,,,
2025-26,2025-2026,Ligue 1,Screenshot 2026-05-14 133148.png,Senny Mayulu,Paris SG,true,shooting,,18.2,4,35,11,0,0,,,,,,,,,,,,,
2025-26,2025-2026,Ligue 1,Screenshot 2026-05-14 133148.png,Lucas Herndndez,Paris SG,true,shooting,,19.4,0,11,3,0,0,,,,,,,,,,,,,
2025-26,2025-2026,Ligue 1,Screenshot 2026-05-14 133148.png,Bradley Barcola,Paris SG,true,shooting,,18.7,10,64,28,0,0,,,,,,,,,,,,,
2025-26,2025-2026,Ligue 1,Screenshot 2026-05-14 133148.png,Lee Kang-in,Paris SG,true,shooting,,16.5,3,37,15,0,0,,,,,,,,,,,,,
2025-26,2025-2026,Ligue 1,Screenshot 2026-05-14 133148.png,Lucas Chevalier,Paris SG,true,shooting,,17,0,0,0,0,0,,,,,,,,,,,,,
2025-26,2025-2026,Ligue 1,Screenshot 2026-05-14 133148.png,Lucas Beraldo,Paris SG,true,shooting,,16.4,2,14,4,0,0,,,,,,,,,,,,,
2025-26,2025-2026,Ligue 1,Screenshot 2026-05-14 133148.png,Khvicha Kvaratskhelia,Paris SG,true,shooting,,15.8,8,65,29,1,1,,,,,,,,,,,,,
2025-26,2025-2026,Ligue 1,Screenshot 2026-05-14 133148.png,DÃ©sirÃ© Dous,Paris SG,true,shooting,,15,7,55,19,0,1,,,,,,,,,,,,,
2025-26,2025-2026,Ligue 1,Screenshot 2026-05-14 133148.png,Achraf Hakimi,Paris SG,true,shooting,,15.3,2,27,9,0,0,,,,,,,,,,,,,
2025-26,2025-2026,Ligue 1,Screenshot 2026-05-14 133148.png,Matvei Safonov,Paris SG,true,shooting,,14,0,0,0,0,0,,,,,,,,,,,,,
2025-26,2025-2026,Ligue 1,Screenshot 2026-05-14 133148.png,so Neves,Paris SG,true,shooting,,14,5,26,6,0,0,,,,,,,,,,,,,
2025-26,2025-2026,Ligue 1,Screenshot 2026-05-14 133148.png,Nuno Mendes,Paris SG,true,shooting,,14,4,30,15,1,1,,,,,,,,,,,,,
2025-26,2025-2026,Ligue 1,Screenshot 2026-05-14 133148.png,Goncalo Ramos,Paris SG,true,shooting,,13.9,6,57,25,1,2,,,,,,,,,,,,,
2025-26,2025-2026,Ligue 1,Screenshot 2026-05-14 133148.png,FabiÃ©n Ruiz Pefia,Paris SG,true,shooting,,11.6,1,18,4,0,0,,,,,,,,,,,,,
2025-26,2025-2026,Ligue 1,Screenshot 2026-05-14 133148.png,Jousmane DembÃ©lÃ©,Paris SG,true,shooting,,11.5,10,45,18,2,3,,,,,,,,,,,,,
2025-26,2025-2026,Ligue 1,Screenshot 2026-05-14 133148.png,Ibrahim Mbave,Paris SG,true,shooting,,10.8,3,23,10,0,,,,,,,,,,,,,,
2025-26,2025-2026,Ligue 1,Screenshot 2026-05-14 133148.png,marquinhos,Paris SG,true,shooting,,10.7,0,2,0,0,0,,,,,,,,,,,,,
2025-26,2025-2026,Ligue 1,Screenshot 2026-05-14 133148.png,Dro FerÃ©ndez,Paris SG,true,shooting,,7.1,,1,9,0,0,,,,,,,,,,,,,
2025-26,2025-2026,Ligue 1,Screenshot 2026-05-14 133148.png,luentin NÃ©jantou,Paris SG,true,shooting,MERA,4,1,9,3,0,0,,,,,,,,,,,,,
2025-26,2025-2026,Ligue 1,Screenshot 2026-05-14 133148.png,Renato Marin,Paris SG,true,shooting,,2,0,0,0,0,0,,,,,,,,,,,,,
2025-26,2025-2026,Ligue 1,Screenshot 2026-05-14 133148.png,Pierre Mounguengue,Paris SG,true,shooting,,0.2,0,2,1,0,0,,,,,,,,,,,,,
2025-26,2025-2026,Ligue 1,Screenshot 2026-05-14 133148.png,Dimitri Lucea,Paris SG,true,shooting,,0.2,,0,0,0,0,,,,,,,,,,,,,
2025-26,2025-2026,Ligue 1,Screenshot 2026-05-14 133148.png,Mathis Jangeal,Paris SG,true,shooting,,0.1,0,0,0,0,0,,,,,,,,,,,,,
2025-26,2025-2026,Ligue 1,Screenshot 2026-05-14 133148.png,Noah Nsoki,Paris SG,true,shooting,,0.1,0,0,0,0,0,,,,,,,,,,,,,
2025-26,2025-2026,La Liga,Screenshot 2026-05-14 133905.png,tan Oblak,Ath Madrid,true,standard,GK,29,0,,,0,0,29,29,2610,,,,,,,,0,0,0
2025-26,2025-2026,La Liga,Screenshot 2026-05-14 133905.png,David Hancko,Ath Madrid,true,standard,OF,25.4,0,,,0,0,28,25,2287,,,,,,,,2,2,0
2025-26,2025-2026,La Liga,Screenshot 2026-05-14 133905.png,Marcos Lrente,Ath Madrid,true,standard,DFMF,23.2,0,,,0,0,28,24,2091,,,,,,,,4,7,1
2025-26,2025-2026,La Liga,Screenshot 2026-05-14 133905.png,Giuliano Simeone,Ath Madrid,true,standard,MF,22.3,4,,,0,0,29,23,2009,,,,,,,,6,1,0
2025-26,2025-2026,La Liga,Screenshot 2026-05-14 133905.png,IKoke,Ath Madrid,true,standard,mr,22.7,2,,,0,0,32,22,2039,,,,,,,,2,6,0
2025-26,2025-2026,La Liga,Screenshot 2026-05-14 133905.png,uliÃ©n Awarez,Ath Madrid,true,standard,FW,21.1,8,,,2,3,29,22,1895,,,,,,,,4,2,0
2025-26,2025-2026,La Liga,Screenshot 2026-05-14 133905.png,Alexander Sorioth,Ath Madrid,true,standard,FW,21.2,13,,,0,0,33,20,1905,,,,,,,,0,4,1
2025-26,2025-2026,La Liga,Screenshot 2026-05-14 133905.png,Pablo Barrios,Ath Madrid,true,standard,mr,18.5,1,,,0,0,23,20,1661,,,,,,,,1,0,0
2025-26,2025-2026,La Liga,Screenshot 2026-05-14 133905.png,Matteo Rusgeri,Ath Madrid,true,standard,OF,18.2,0,,,0,0,24,19,1639,,,,,,,,3,4,0
2025-26,2025-2026,La Liga,Screenshot 2026-05-14 133905.png,Alex Baena,Ath Madrid,true,standard,mrrw,16,2,,,0,0,25,19,1440,,,,,,,,3,0,12
2025-26,2025-2026,La Liga,Screenshot 2026-05-14 133905.png,Nicolas Gonzalez,Ath Madrid,true,standard,MFOF,16.1,5,,,0,0,24,18,1448,,,,,,,,0,4,1
2025-26,2025-2026,La Liga,Screenshot 2026-05-14 133905.png,Robin LeNormand,Ath Madrid,true,standard,OF,18.9,1,,,0,0,27,16,1699,,,,,,,,1,4,0
2025-26,2025-2026,La Liga,Screenshot 2026-05-14 133905.png,ClÃ©ment Lenclet,Ath Madrid,true,standard,OF,14.1,0,,,0,0,17,16,1273,,,,,,,,1,6,1
2025-26,2025-2026,La Liga,Screenshot 2026-05-14 133905.png,IThiago Almada,Ath Madrid,true,standard,MFFW,14.1,3,,,0,0,26,16,1266,,,,,,,,1,2,1
2025-26,2025-2026,La Liga,Screenshot 2026-05-14 133905.png,Nahuel Moling,Ath Madrid,true,standard,DRMF,14.8,2,,,0,0,26,13,1331,,,,,,,,2,4,0
2025-26,2025-2026,La Liga,Screenshot 2026-05-14 133905.png,Marc Pubill,Ath Madrid,true,standard,or,13.8,0,,,0,0,17,13,1246,,,,,,,,1,2,0
2025-26,2025-2026,La Liga,Screenshot 2026-05-14 133905.png,JosÃ© Maria GimÃ©nez,Ath Madrid,true,standard,OF,0.1,1,,,6,3,16,131178,13.1,,,,,,,,1,6,0
2025-26,2025-2026,La Liga,Screenshot 2026-05-14 133905.png,JJohnny Cardoso,Ath Madrid,true,standard,MF,9.9,0,,,0,0,15,12,887,,,,,,,,0,5,0
2025-26,2025-2026,La Liga,Screenshot 2026-05-14 133905.png,Antoine Griezmann,Ath Madrid,true,standard,FW,14.5,7,,,0,1,32,11,1301,,,,,,,,2,0,0.48
2025-26,2025-2026,La Liga,Screenshot 2026-05-14 133905.png,JRodrigo Mendoza,Ath Madrid,true,standard,MF,4.8,0,,,0,2,8,8,434,,,,,,,,1,0,0
2025-26,2025-2026,La Liga,Screenshot 2026-05-14 133905.png,Ademols Lookmsn,Ath Madrid,true,standard,FWMF,5.5,3,,,1,41,10,7,495,,,,,,,,0,1,0
2025-26,2025-2026,La Liga,Screenshot 2026-05-14 133905.png,Obed vargas,Ath Madrid,true,standard,MF,0.7,0,,,0,2,10,6,59,,,,,,,,1,0,0
2025-26,2025-2026,La Liga,Screenshot 2026-05-14 133905.png,JConor Gallagher,Ath Madrid,true,standard,MF,7.5,2,,,0,0,19,4,679,,,,,,,,0,2,0
2025-26,2025-2026,La Liga,Screenshot 2026-05-14 133905.png,avier Bofiar,Ath Madrid,true,standard,or,3,1,,,0,0,3,3,269,,,,,,,,0,0,0
2025-26,2025-2026,La Liga,Screenshot 2026-05-14 133905.png,lRayaneBelaid,Ath Madrid,true,standard,MFW,1.5,0,,,0,0,2,2,132,,,,,,,,0,0,0
2025-26,2025-2026,La Liga,Screenshot 2026-05-14 133905.png,Giacomo Raspadori,Ath Madrid,true,standard,FW,2.6,0,,,0,0,12,1,236,,,,,,,,1,1,0
2025-26,2025-2026,La Liga,Screenshot 2026-05-14 133905.png,Savi Morcillo,Ath Madrid,true,standard,mF,1.2,0,,,0,0,3,1,112,,,,,,,,0,1,0
2025-26,2025-2026,La Liga,Screenshot 2026-05-14 133957.png,tan Oblak WimsvN,Ath Madrid,true,goalkeeping,GK,29,,,,,,29,29,2610,31,1.07,93,64,688,10,345,,,
2025-26,2025-2026,La Liga,Screenshot 2026-05-14 133957.png,juan Musso SELARG,Ath Madrid,true,goalkeeping,GK,7,,,,,,7,7,630,8,114,25,19,760,3,429,,,
2025-26,2025-2026,La Liga,Screenshot 2026-05-14 134005.png,tan Oblak,Ath Madrid,true,shooting,GK,29,0,0,0,0,0,,,,,,,,,,,,,
2025-26,2025-2026,La Liga,Screenshot 2026-05-14 134005.png,David Hancko,Ath Madrid,true,shooting,DF,25.5,0,20,5,0,0,,,,,,,,,,,,,
2025-26,2025-2026,La Liga,Screenshot 2026-05-14 134005.png,Marcos Lorente,Ath Madrid,true,shooting,DFM,23.2,0,18,6,0,0,,,,,,,,,,,,,
2025-26,2025-2026,La Liga,Screenshot 2026-05-14 134005.png,Giuliano Simeone,Ath Madrid,true,shooting,MF,22.3,4,34,13,0,0,,,,,,,,,,,,,
2025-26,2025-2026,La Liga,Screenshot 2026-05-14 134005.png,IKoke,Ath Madrid,true,shooting,Mr,22.7,2,12,4,0,0,,,,,,,,,,,,,
2025-26,2025-2026,La Liga,Screenshot 2026-05-14 134005.png,juliÃ©n Awarez,Ath Madrid,true,shooting,FW,21.1,8,54,26,2,3,,,,,,,,,,,,,
2025-26,2025-2026,La Liga,Screenshot 2026-05-14 134005.png,Alexander Sorioth,Ath Madrid,true,shooting,FW,21.2,13,66,34,0,0,,,,,,,,,,,,,
2025-26,2025-2026,La Liga,Screenshot 2026-05-14 134005.png,Pablo Barrios,Ath Madrid,true,shooting,MF,18.5,1,23,6,0,0,,,,,,,,,,,,,
2025-26,2025-2026,La Liga,Screenshot 2026-05-14 134005.png,Matteo Ruggeri,Ath Madrid,true,shooting,DF,18.2,0,5,2,0,0,,,,,,,,,,,,,
2025-26,2025-2026,La Liga,Screenshot 2026-05-14 134005.png,Alex Baena,Ath Madrid,true,shooting,mrFw,16,2,24,6,0,0,,,,,,,,,,,,,
2025-26,2025-2026,La Liga,Screenshot 2026-05-14 134005.png,Nicolas Gonzalez,Ath Madrid,true,shooting,MFOF,16.1,5,43,21,0,0,,,,,,,,,,,,,
2025-26,2025-2026,La Liga,Screenshot 2026-05-14 134005.png,Robin LeNormand,Ath Madrid,true,shooting,OF,18.9,1,6,1,0,0,,,,,,,,,,,,,
2025-26,2025-2026,La Liga,Screenshot 2026-05-14 134005.png,ciÃ©mentLenglet,Ath Madrid,true,shooting,DF,14.1,0,4,0,,0,,,,,,,,,,,,,
2025-26,2025-2026,La Liga,Screenshot 2026-05-14 134005.png,Thiago Almada,Ath Madrid,true,shooting,MFFW,14.1,3,21,10,0,0,,,,,,,,,,,,,
2025-26,2025-2026,La Liga,Screenshot 2026-05-14 134005.png,NahuelMoling,Ath Madrid,true,shooting,DRMF,14.8,2,14,4,0,0,,,,,,,,,,,,,
2025-26,2025-2026,La Liga,Screenshot 2026-05-14 134005.png,Marc Pubill,Ath Madrid,true,shooting,or,13.8,0,98,3,0,0,,,,,,,,,,,,,
2025-26,2025-2026,La Liga,Screenshot 2026-05-14 134005.png,JosÃ© Maria GimÃ©nez,Ath Madrid,true,shooting,OF,13.1,0,13,3,0,0,,,,,,,,,,,,,
2025-26,2025-2026,La Liga,Screenshot 2026-05-14 134005.png,JJohnny Cardoso,Ath Madrid,true,shooting,MF,9.9,0,2,0,0,0,,,,,,,,,,,,,
2025-26,2025-2026,La Liga,Screenshot 2026-05-14 134005.png,Jantoine Griezmann,Ath Madrid,true,shooting,FW,14.5,7,41,22,0,0,,,,,,,,,,,,,
2025-26,2025-2026,La Liga,Screenshot 2026-05-14 134005.png,lRodrigo Mendoza,Ath Madrid,true,shooting,MF,4.8,0,6,2,0,0,,,,,,,,,,,,,
2025-26,2025-2026,La Liga,Screenshot 2026-05-14 134005.png,uan Musso,Ath Madrid,true,shooting,ck,7,0,0,0,,0,,,,,,,,,,,,,
2025-26,2025-2026,La Liga,Screenshot 2026-05-14 134005.png,JAdemola Lookman,Ath Madrid,true,shooting,FW.MF,5.5,3,18,4,1,1,,,,,,,,,,,,,
2025-26,2025-2026,La Liga,Screenshot 2026-05-14 134005.png,JObed Vargas,Ath Madrid,true,shooting,mF,6.6,0,3,0,0,,,,,,,,,,,,,,
2025-26,2025-2026,La Liga,Screenshot 2026-05-14 134005.png,Conor Gallacher,Ath Madrid,true,shooting,MF,7.5,2,13,5,0,0,,,,,,,,,,,,,
2025-26,2025-2026,La Liga,Screenshot 2026-05-14 134005.png,sulio Diaz,Ath Madrid,true,shooting,pr,3.4,0,1,0,,0,,,,,,,,,,,,,
2025-26,2025-2026,La Liga,Screenshot 2026-05-14 134005.png,avier Bofiar,Ath Madrid,true,shooting,pr,3,1,2,1,0,0,,,,,,,,,,,,,
2025-26,2025-2026,La Liga,Screenshot 2026-05-14 134005.png,lRayaneBelaid,Ath Madrid,true,shooting,MRFW,1.5,0,4,0,0,0,,,,,,,,,,,,,
2025-26,2025-2026,La Liga,Screenshot 2026-05-14 134005.png,JGiacomo Raspadori,Ath Madrid,true,shooting,FW,2.6,0,7,3,0,0,,,,,,,,,,,,,
2025-26,2025-2026,La Liga,Screenshot 2026-05-14 134005.png,Savi GalÃ©n,Ath Madrid,true,shooting,oF,1.5,0,0,0,,0,,,,,,,,,,,,,
2025-26,2025-2026,La Liga,Screenshot 2026-05-14 134005.png,Savi Morcillo,Ath Madrid,true,shooting,MF,1.2,0,2,0,0,0,,,,,,,,,,,,,
2025-26,2025-2026,La Liga,Screenshot 2026-05-14 134011.png,iker Luque,Ath Madrid,true,shooting,DF,0.3,1,30,2,0,0,,,,,,,,,,,,,
2025-26,2025-2026,La Liga,Screenshot 2026-05-14 134011.png,Aleks Puric,Ath Madrid,true,shooting,DF,0,0,9,0,0,,,,,,,,,,,,,,
2025-26,2025-2026,EPL,Screenshot 2026-05-14 134415.png,David Rave,Arsenal,true,standard,cx,36,0,,,0,0,36,35,3240,,,,,,,,0,1,0
2025-26,2025-2026,EPL,Screenshot 2026-05-14 134415.png,Declan Rice,Arsenal,true,standard,MF,33.4,4,,,0,0,35,34,3004,,,,,,,,5,3,0
2025-26,2025-2026,EPL,Screenshot 2026-05-14 134415.png,Martin Zubimendi,Arsenal,true,standard,MF,32.2,5,,,0,0,36,33,2901,,,,,,,,1,4,0
2025-26,2025-2026,EPL,Screenshot 2026-05-14 134415.png,Gabriel Magalhges,Arsenal,true,standard,DF,29.1,3,,,0,0,30,29,2616,,,,,,,,4,4,0
2025-26,2025-2026,EPL,Screenshot 2026-05-14 134415.png,Wiliam sabe,Arsenal,true,standard,DF,28,1,,,0,0,30,29,2524,,,,,,,,0,2,0
2025-26,2025-2026,EPL,Screenshot 2026-05-14 134415.png,JurriÃ©n Timber,Arsenal,true,standard,DF,27.3,3,,,5,0,30,28,2454,,,,,,,,5,0.11,0.18
2025-26,2025-2026,EPL,Screenshot 2026-05-14 134415.png,Viktor GyÃ©keres,Arsenal,true,standard,FW,24.4,14,,,3,3,34,26,2198,,,,,,,,1,5,0
2025-26,2025-2026,EPL,Screenshot 2026-05-14 134415.png,Bukayo Saka,Arsenal,true,standard,FwMF,23.7,7,,,21,1,30,24,2132,,,,,,,,4,2,0
2025-26,2025-2026,EPL,Screenshot 2026-05-14 134415.png,Leandro Trossard,Arsenal,true,standard,FWMF,21.2,6,,,0,0,30,20,1911,,,,,,,,6,2,0
2025-26,2025-2026,EPL,Screenshot 2026-05-14 134415.png,Eberechi Eze,Arsenal,true,standard,mrFW,19.2,7,,,0,0,30,20,1724,,,,,,,,2,4,0
2025-26,2025-2026,EPL,Screenshot 2026-05-14 134415.png,Riccardo Calafiori,Arsenal,true,standard,DF,17.6,1,,,0,0,24,20,1583,,,,,,,,2,5,0
2025-26,2025-2026,EPL,Screenshot 2026-05-14 134415.png,PieroHincepiÃ©,Arsenal,true,standard,DF,18.7,1,,,0,0,23,19,1683,,,,,,,,2,2,0
2025-26,2025-2026,EPL,Screenshot 2026-05-14 134415.png,Martin Odegaard,Arsenal,true,standard,MF,14.2,1,,,0,0,23,15,1280,,,,,,,,6,0,0
2025-26,2025-2026,EPL,Screenshot 2026-05-14 134415.png,Noni Madueke,Arsenal,true,standard,FWMF,12.5,2,,,0,0,25,15,1129,,,,,,,,1,0,0
2025-26,2025-2026,EPL,Screenshot 2026-05-14 134415.png,Mikel Merino,Arsenal,true,standard,MRF,11.2,4,,,0,0,21,10,1007,,,,,,,,3,1,0
2025-26,2025-2026,EPL,Screenshot 2026-05-14 134415.png,Gabriel Martineli,Arsenal,true,standard,FWMF,11,1,,,0,0,28,10,990,,,,,,,,3,3,0
2025-26,2025-2026,EPL,Screenshot 2026-05-14 134415.png,Ben White,Arsenal,true,standard,oF,7.8,0,,,0,0,12,9,702,,,,,,,,1,0,0
2025-26,2025-2026,EPL,Screenshot 2026-05-14 134415.png,Cristhian Mosquere,Arsenal,true,standard,oF,0.2,0,,,0,0,18,7,14,,,,,,,,0,4,0
2025-26,2025-2026,EPL,Screenshot 2026-05-14 134415.png,kai Havertz,Arsenal,true,standard,mprw,5.2,1,,,0,0,10,6,464,,,,,,,,2,0,39
2025-26,2025-2026,EPL,Screenshot 2026-05-14 134415.png,Myles Lewis-Skelly,Arsenal,true,standard,MFDF,6.7,0,,,0,0,18,4,601,,,,,,,,0,3,0
2025-26,2025-2026,EPL,Screenshot 2026-05-14 134415.png,GebrielJesus,Arsenal,true,standard,Fw,3.9,2,,,0,0,13,2,355,,,,,,,,0,2,0.51
2025-26,2025-2026,EPL,Screenshot 2026-05-14 134415.png,Ethan Nwanei,Arsenal,true,standard,MF,1.9,0,,,0,0,6,0,171,,,,,,,,0,0,0
2025-26,2025-2026,EPL,Screenshot 2026-05-14 134415.png,Max Dowman,Arsenal,true,standard,mF,0.1,0,,,0,0,5,9,11,,,,,,,,1,0,0.94
2025-26,2025-2026,EPL,Screenshot 2026-05-14 134415.png,Christian Norgzard,Arsenal,true,standard,MF,0.7,0,,,0,0,6,0,61,,,,,,,,0,0,0
2025-26,2025-2026,EPL,Screenshot 2026-05-14 134503.png,David Rave,Arsenal,true,shooting,cx,36,0,0,0,,0,,,,,,,,,,,,,
2025-26,2025-2026,EPL,Screenshot 2026-05-14 134503.png,William Saliba,Arsenal,true,shooting,DF,28,1,5,1,0,0,,,,,,,,,,,,,
2025-26,2025-2026,EPL,Screenshot 2026-05-14 134503.png,urrien Timber,Arsenal,true,shooting,DF,27.3,3,25,7,0,0,,,,,,,,,,,,,
2025-26,2025-2026,EPL,Screenshot 2026-05-14 134503.png,Viktor Gvokeres,Arsenal,true,shooting,FW,24.4,14,54,22,3,3,,,,,,,,,,,,,
2025-26,2025-2026,EPL,Screenshot 2026-05-14 134503.png,Bukayo Saka,Arsenal,true,shooting,FWMF,23.7,7,68,27,1,1,,,,,,,,,,,,,
2025-26,2025-2026,EPL,Screenshot 2026-05-14 134503.png,Leandro Trossard,Arsenal,true,shooting,FWMF,21.2,6,51,15,0,0,,,,,,,,,,,,,
2025-26,2025-2026,EPL,Screenshot 2026-05-14 134503.png,Eberechi Eze,Arsenal,true,shooting,MrFw,19.2,7,53,15,0,0,,,,,,,,,,,,,
2025-26,2025-2026,EPL,Screenshot 2026-05-14 134503.png,Riccardo Calafiori,Arsenal,true,shooting,DF,17.6,1,32,8,0,0,,,,,,,,,,,,,
2025-26,2025-2026,EPL,Screenshot 2026-05-14 134503.png,PieroHincepiÃ©,Arsenal,true,shooting,DF,18.7,1,2,1,0,0,,,,,,,,,,,,,
2025-26,2025-2026,EPL,Screenshot 2026-05-14 134503.png,Martin Gdegaard,Arsenal,true,shooting,MF,14.2,1,21,8,0,0,,,,,,,,,,,,,
2025-26,2025-2026,EPL,Screenshot 2026-05-14 134503.png,Noni Madueke,Arsenal,true,shooting,FwMF,12.5,2,21,7,0,0,,,,,,,,,,,,,
2025-26,2025-2026,EPL,Screenshot 2026-05-14 134503.png,Mikel Merino,Arsenal,true,shooting,mrrw,11.2,4,21,8,0,0,,,,,,,,,,,,,
2025-26,2025-2026,EPL,Screenshot 2026-05-14 134503.png,Gabriel Martineli,Arsenal,true,shooting,FWMF,11,1,28,12,0,0,,,,,,,,,,,,,
2025-26,2025-2026,EPL,Screenshot 2026-05-14 134503.png,Ben White,Arsenal,true,shooting,DF,7.8,0,5,1,0,0,,,,,,,,,,,,,
2025-26,2025-2026,EPL,Screenshot 2026-05-14 134503.png,lCristhian Mosquera,Arsenal,true,shooting,OF,9,0,1,0,,0,,,,,,,,,,,,,
2025-26,2025-2026,EPL,Screenshot 2026-05-14 134503.png,Kai Havertz,Arsenal,true,shooting,merw,5.2,1,12,3,0,0,,,,,,,,,,,,,
2025-26,2025-2026,EPL,Screenshot 2026-05-14 134503.png,Myles Lewis-Skelly,Arsenal,true,shooting,MFDF,6.7,0,2,0,,0,,,,,,,,,,,,,
2025-26,2025-2026,EPL,Screenshot 2026-05-14 134503.png,Gabriel Jesus,Arsenal,true,shooting,FW,3.9,2,15,10,0,0,,,,,,,,,,,,,
2025-26,2025-2026,EPL,Screenshot 2026-05-14 134503.png,Ethan Nwaneri,Arsenal,true,shooting,MF,1.9,0,6,0,,0,,,,,,,,,,,,,
2025-26,2025-2026,EPL,Screenshot 2026-05-14 134503.png,MaxDowman,Arsenal,true,shooting,MF,1.1,1,6,1,0,0,,,,,,,,,,,,,
2025-26,2025-2026,EPL,Screenshot 2026-05-14 134503.png,Christian Norgaard,Arsenal,true,shooting,MF,0.7,0,1,1,0,0,,,,,,,,,,,,,